1,2,3,6,8,10,17,27,40,49,50,142
1,2,3,6,8,17,27,40,49,50,9,
1,2,3,6,8,17,27,40,49,50,,
1,2,3,6,8,17,27,40,49,50,7,
1,2,3,6,8,10,17,27,40,49,50,26
6,107,,,,,,,,,,
1,2,3,6,8,10,17,27,40,49,50,141
1,3,2,4,,,,,,,,
1,3,,,,,,,,,,
1,3,2,,,,,,,,,
1,3,2,,,,,,,,,
6,11,18,,,,,,,,,
4,5,,,,,,,,,,
9,24,,,,,,,,,,
5,13,,,,,,,,,,
7,15,,,,,,,,,,
8,12,50,,,,,,,,,
14,29,38,,,,,,,,,
10,26,39,,,,,,,,,
21,25,56,67,,,,,,,,
20,34,65,,,,,,,,,
23,32,48,60,,,,,,,,
33,31,77,55,,,,,,,,
1,3,2,,,,,,,,,
40,37,53,64,47,,,,,,,
43,51,57,84,49,,,,,,,
44,11,87,148,,,,,,,,
41,36,63,77,,,,,,,,
52,18,99,54,127,,,,,,,
11,15,205,208,,,,,,,,
24,29,50,66,,,,,,,,
4,5,,,,,,,,,,
6,19,29,123,133,,,,,,,
4,5,,,,,,,,,,
4,6,29,64,60,,,,,,,
7,25,30,78,202,,,,,,,
4,5,,,,,,,,,,
18,56,34,59,11,85,,,,,,
50,24,99,48,83,155,,,,,,
11,14,7,38,224,,,,,,,
4,5,,,,,,,,,,
43,19,50,53,37,89,,,,,,
60,50,19,30,77,54,,,,,,
18,50,19,64,84,48,42,54,,,,
24,13,19,11,7,64,29,155,,,,
1,17,6,,,,,,,,,
50,148,9,110,,,,,,,,
123,73,96,6,126,,,,,,,
8,102,19,,,,,,,,,
171,15,,,,,,,,,,
6,50,8,,,,,,,,,
1,74,,,,,,,,,,
17,6,136,108,,,,,,,,
13,26,11,,,,,,,,,
15,6,17,,,,,,,,,
148,27,,,,,,,,,,
123,2,19,,,,,,,,,
10,6,,,,,,,,,,
7,18,12,,,,,,,,,
3,123,,,,,,,,,,
92,9,6,,,,,,,,,
1,96,123,8,,,,,,,,
6,50,171,17,,,,,,,,
6,148,1,19,,,,,,,,
1,50,,,,,,,,,,
96,6,,,,,,,,,,
50,3,9,,,,,,,,,
123,6,17,1,,,,,,,,
17,148,6,,,,,,,,,
1,6,,,,,,,,,,
1,92,6,,,,,,,,,
6,9,50,,,,,,,,,
1,3,2,,,,,,,,,
148,123,1,,,,,,,,,
6,8,50,,,,,,,,,
1,50,,,,,,,,,,
1,3,2,,,,,,,,,
123,1,17,,,,,,,,,
6,17,148,,,,,,,,,
1,3,2,,,,,,,,,
96,6,123,,,,,,,,,
1,17,50,,,,,,,,,
6,148,123,,,,,,,,,
1,6,,,,,,,,,,
5,,,,,,,,,,,
,5,,,,,,,,,,
9,6,1,,,,,,,,,
17,123,,,,,,,,,,
6,1,19,,,,,,,,,
6,17,123,1,,,,,,,,
1,148,,,,,,,,,,
50,6,1,17,,,,,,,,
123,6,8,148,,,,,,,,
1,6,,,,,,,,,,
50,17,,,,,,,,,,
6,1,148,,,,,,,,,
1,6,,,,,,,,,,
96,27,,,,,,,,,,
16,12,,,,,,,,,,
123,6,92,,,,,,,,,
148,,,,,,,,,,,
1,17,,,,,,,,,,
1,2,3,6,27,40,49,50,73,74,96,
1,8,10,17,27,40,49,50,74,96,,
2,6,17,27,40,49,50,73,74,96,,
1,2,3,6,17,27,40,49,50,73,,
1,3,6,10,17,27,40,49,50,73,,
8,10,17,27,40,49,50,74,96,102,,
2,6,27,40,50,73,74,96,,,,
1,2,6,10,17,27,40,50,73,74,,
1,2,6,10,17,27,40,50,73,,,
1,2,6,10,17,27,40,50,73,,,
1,2,3,10,17,27,40,49,50,73,,
1,2,6,10,17,27,40,49,50,73,,
1,2,3,10,17,27,40,49,50,73,,
1,3,6,10,17,27,40,49,50,73,,
1,3,3,10,17,27,40,49,50,73,,
1,3,6,10,17,27,40,49,50,73,,
8,10,17,27,40,49,50,74,96,102,,
2,6,10,27,40,49,50,73,74,96,,
1,3,6,10,17,27,40,50,73,74,,
6,8,96,,,,,,,,,
148,50,27,,,,,,,,,
7,49,107,,,,,,,,,
18,8,50,7,,,,,,,,
6,148,8,,,,,,,,,
74,50,12,96,,,,,,,,
6,50,96,,,,,,,,,
6,107,,,,,,,,,,
50,27,7,,,,,,,,,
6,107,27,,,,,,,,,
148,8,50,96,,,,,,,,
6,96,,,,,,,,,,
148,50,96,,,,,,,,,
8,27,107,,,,,,,,,
6,107,50,96,,,,,,,,
6,50,7,,,,,,,,,
50,96,107,,,,,,,,,
8,50,27,,,,,,,,,
148,96,50,107,,,,,,,,
50,96,107,,,,,,,,,
8,6,50,27,,,,,,,,
6,50,,,,,,,,,,
148,50,107,,,,,,,,,
8,96,50,107,,,,,,,,
6,107,,,,,,,,,,
148,50,96,,,,,,,,,
6,50,107,,,,,,,,,
6,96,107,,,,,,,,,
148,8,50,107,,,,,,,,
6,27,7,,,,,,,,,
50,27,107,,,,,,,,,
148,8,96,,,,,,,,,
6,50,27,107,,,,,,,,
6,8,50,96,,,,,,,,
6,107,96,,,,,,,,,
6,107,50,27,,,,,,,,
148,8,50,,,,,,,,,
6,27,50,,,,,,,,,
8,50,27,,,,,,,,,
148,96,107,,,,,,,,,
6,50,107,,,,,,,,,
6,50,27,107,,,,,,,,
6,50,96,,,,,,,,,
6,8,50,107,,,,,,,,
6,96,50,,,,,,,,,
148,50,27,,,,,,,,,
107,50,96,,,,,,,,,
27,107,,,,,,,,,,
6,50,96,,,,,,,,,
107,50,,,,,,,,,,
107,6,,,,,,,,,,
49,50,148,6,,,,,,,,
13,123,7,92,,,,,,,,
12,96,8,116,6,27,,,,,,
19,124,108,8,74,,,,,,,
110,115,73,123,40,116,,,,,,
102,119,27,6,148,40,,,,,,
157,18,26,16,,,,,,,,
136,15,92,119,6,,,,,,,
50,107,148,123,7,12,102,,,,,
10,50,124,96,8,,,,,,,
6,116,50,148,12,,,,,,,
7,119,8,18,123,19,6,50,,,,
16,124,8,49,96,,,,,,,
10,123,13,,,,,,,,,
92,50,8,102,124,116,,,,,,
19,7,96,119,6,,,,,,,
18,73,15,50,148,12,,,,,,
7,124,108,8,,,,,,,,
110,115,73,123,40,116,,,,,,
102,119,27,49,6,148,,,,,,
157,18,26,16,,,,,,,,
19,136,50,107,148,,,,,,,
10,123,124,96,8,49,,,,,,
6,116,50,148,12,,,,,,,
7,119,8,18,123,19,6,50,,,,
16,124,8,49,96,,,,,,,
124,148,,,,,,,,,,
27,96,,,,,,,,,,
158,92,18,,,,,,,,,
121,125,9,,,,,,,,,
40,139,,,,,,,,,,
18,119,124,,,,,,,,,
8,134,6,,,,,,,,,
74,149,110,129,,,,,,,,
158,171,,,,,,,,,,
117,124,12,73,,,,,,,,
111,108,171,,,,,,,,,
136,134,,,,,,,,,,
111,141,168,,,,,,,,,
136,134,111,,,,,,,,,
136,134,111,,,,,,,,,
136,134,111,,,,,,,,,
136,134,111,,,,,,,,,
136,134,111,,,,,,,,,
136,134,111,,,,,,,,,
136,134,111,,,,,,,,,
136,134,111,,,,,,,,,
136,134,111,,,,,,,,,
136,134,111,,,,,,,,,
1,6,50,3,8,110,,,,,,
2,50,5,6,,,,,,,,
6,1,50,110,8,,,,,,,
1,2,5,50,8,,,,,,,
1,6,8,50,110,,,,,,,
50,6,3,1,2,,,,,,,
5,50,3,1,8,,,,,,,
6,1,50,3,110,,,,,,,
1,6,50,2,8,,,,,,,
6,50,1,110,,,,,,,,
50,1,6,3,8,,,,,,,
1,6,50,8,,,,,,,,
1,6,50,110,,,,,,,,
50,6,1,8,2,,,,,,,
1,6,50,2,8,,,,,,,
1,6,50,2,110,,,,,,,
50,1,6,8,110,,,,,,,
1,6,50,8,,,,,,,,
1,6,50,2,,,,,,,,
50,6,1,110,8,,,,,,,
1,6,50,110,,,,,,,,
1,6,50,2,8,,,,,,,
50,1,6,8,110,,,,,,,
1,6,50,8,,,,,,,,
1,6,50,2,,,,,,,,
50,6,1,110,8,,,,,,,
1,6,50,110,,,,,,,,
1,6,50,2,8,,,,,,,
50,1,6,8,110,,,,,,,
1,6,50,8,,,,,,,,
1,6,50,2,,,,,,,,
50,6,1,110,8,,,,,,,
1,6,50,110,,,,,,,,
1,6,50,2,8,,,,,,,
50,1,6,8,110,,,,,,,
1,6,50,8,,,,,,,,
1,6,50,2,,,,,,,,
50,6,1,110,8,,,,,,,
1,6,50,110,,,,,,,,
1,6,50,2,8,,,,,,,
50,1,6,8,110,,,,,,,
1,6,50,8,,,,,,,,
1,6,50,2,,,,,,,,
50,6,1,110,8,,,,,,,
1,6,50,110,,,,,,,,
1,6,50,2,8,,,,,,,
50,1,6,8,110,,,,,,,
1,6,50,8,,,,,,,,
1,3,2,4,,,,,,,,
5,1,148,,,,,,,,,
6,50,96,7,3,,,,,,,
8,10,17,27,,,,,,,,
40,49,50,148,5,,,,,,,
73,74,89,92,6,50,,,,,,
96,102,106,107,108,110,,,,,,
111,113,115,116,123,141,168,182,11,,,
50,168,92,,,,,,,,,
96,102,7,136,,,,,,,,
139,147,148,,,,,,,,,
119,121,124,13,,,,,,,,
125,126,128,131,171,,,,,,,
157,158,163,1,4,,,,,,,
6,148,123,141,142,168,,,,,,
182,13,14,15,1,3,,,,,,
2,50,96,7,,,,,,,,
73,74,89,92,6,50,,,,,,
96,102,106,107,108,110,,,,,,
111,113,115,116,123,141,168,182,11,,,
50,168,92,,,,,,,,,
96,102,7,136,,,,,,,,
139,147,148,,,,,,,,,
119,121,124,13,,,,,,,,
125,126,128,131,171,,,,,,,
157,158,163,1,4,,,,,,,
6,148,123,141,142,168,,,,,,
182,13,14,15,1,3,,,,,,
96,102,7,136,,,,,,,,
139,147,148,,,,,,,,,
119,121,124,13,,,,,,,,
125,126,128,131,171,,,,,,,
157,158,163,1,4,,,,,,,
6,148,123,,,,,,,,,
141,142,168,,,,,,,,,
182,13,14,15,1,3,,,,,,
96,102,7,136,,,,,,,,
139,147,148,,,,,,,,,
119,121,124,13,,,,,,,,
125,126,128,131,171,,,,,,,
157,158,163,1,4,,,,,,,
141,142,168,182,,,,,,,,
136,134,111,,,,,,,,,
111,134,,,,,,,,,,
134,136,,,,,,,,,,
111,136,,,,,,,,,,
147,102,,,,,,,,,,
102,139,,,,,,,,,,
139,147,,,,,,,,,,
139,102,,,,,,,,,,
1,3,2,,,,,,,,,
1,3,2,,,,,,,,,
123,9,17,,,,,,,,,
17,9,,,,,,,,,,
2,6,50,1,8,110,4,148,,,,
3,74,5,50,4,,,,,,,
96,102,10,107,1,136,148,,,,,
17,50,89,1,148,126,,,,,,
6,50,3,12,148,13,,,,,,
50,27,1,148,14,,,,,,,
6,50,168,5,4,,,,,,,
1,7,92,4,13,,,,,,,
102,50,1,124,4,,,,,,,
6,50,1,5,148,168,,,,,,
50,10,3,74,4,13,,,,,,
1,96,50,5,148,14,,,,,,
6,50,92,1,148,168,123,,,,,
2,50,110,74,4,14,,,,,,
102,50,1,148,13,,,,,,,
6,50,1,5,148,168,,,,,,
50,10,3,74,4,13,,,,,,
1,96,50,5,148,14,,,,,,
6,50,92,1,148,168,123,,,,,
2,50,110,74,4,14,,,,,,
102,50,1,148,13,,,,,,,
6,50,1,5,148,168,,,,,,
50,10,3,74,4,13,,,,,,
1,96,50,5,148,14,,,,,,
6,50,92,1,148,168,123,,,,,
2,50,110,74,4,14,,,,,,
102,50,1,148,13,,,,,,,
6,50,1,5,148,168,,,,,,
50,10,3,74,4,13,,,,,,
1,96,50,5,148,14,,,,,,
6,50,92,1,148,168,123,,,,,
2,50,110,74,4,14,,,,,,
102,50,1,148,13,,,,,,,
6,50,1,5,148,168,,,,,,
50,10,3,74,4,13,,,,,,
1,96,50,5,148,14,,,,,,
6,50,92,1,148,168,123,,,,,
2,50,110,74,4,14,,,,,,
102,50,1,148,13,,,,,,,
6,50,1,5,148,168,,,,,,
50,10,3,74,4,13,,,,,,
1,96,50,5,148,14,,,,,,
6,50,92,1,148,168,123,,,,,
163,7,5,,,,,,,,,
3,6,8,,,,,,,,,
107,106,73,,,,,,,,,
1,6,17,108,96,,,,,,,
6,92,50,115,,,,,,,,
5,148,13,123,168,26,,,,,,
3,10,7,110,,,,,,,,
1,8,6,17,124,168,11,,,,,
6,74,27,50,7,182,,,,,,
4,6,148,123,168,141,,,,,,
1,6,108,107,168,7,,,,,,
1,6,148,96,117,123,168,7,,,,
6,50,73,74,102,107,157,,,,,
1,6,17,50,96,168,142,141,,,,
4,148,13,168,26,141,,,,,,
1,6,50,92,96,117,168,,,,,
1,6,17,108,96,123,168,,,,,
1,6,17,108,96,123,168,,,,,
6,50,73,74,102,107,157,,,,,
1,6,17,50,96,168,142,141,,,,
4,148,13,168,26,141,,,,,,
1,6,50,92,96,117,168,,,,,
1,6,17,108,96,123,168,,,,,
6,92,50,115,,,,,,,,
5,148,13,123,168,26,,,,,,
3,10,7,110,142,141,,,,,,
1,8,6,17,124,168,11,,,,,
6,74,27,50,7,182,,,,,,
4,6,148,123,168,141,,,,,,
1,6,108,107,168,7,,,,,,
1,6,148,96,117,123,168,7,,,,
6,50,73,74,102,107,157,,,,,
1,6,17,50,96,168,142,141,,,,
4,148,13,168,26,141,,,,,,
1,6,50,92,96,117,168,,,,,
1,6,17,108,96,123,168,,,,,
1,6,17,108,96,123,168,,,,,
6,50,73,74,102,107,157,,,,,
1,6,17,50,96,168,142,141,,,,
4,148,13,168,26,141,,,,,,
1,6,50,92,96,117,168,,,,,
1,6,17,108,96,123,168,,,,,
1,6,107,,,,,,,,,
3,2,27,,,,,,,,,
8,17,50,,,,,,,,,
40,49,,,,,,,,,,
73,74,96,116,,,,,,,,
108,110,,,,,,,,,,
115,117,118,,,,,,,,,
119,124,125,,,,,,,,,
126,128,129,,,,,,,,,
131,136,,,,,,,,,,
148,157,,,,,,,,,,
149,11,,,,,,,,,,
4,5,7,,,,,,,,,
9,26,123,,,,,,,,,
141,142,168,,,,,,,,,
10,7,110,,,,,,,,,
147,158,,,,,,,,,,
171,13,,,,,,,,,,
14,15,,,,,,,,,,
1,6,107,27,,,,,,,,
6,107,27,,,,,,,,,
6,107,27,,,,,,,,,
1,3,2,4,5,,,,,,,
1,3,,,,,,,,,,
1,2,4,,,,,,,,,
6,27,107,6,107,6,107,,,,,
8,17,74,89,92,,,,,,,
10,6,,,,,,,,,,
6,10,,,,,,,,,,
50,49,,,,,,,,,,
50,49,,,,,,,,,,
50,49,,,,,,,,,,
73,96,,,,,,,,,,
106,27,107,,,,,,,,,
102,107,,,,,,,,,,
108,110,,,,,,,,,,
117,118,,,,,,,,,,
117,50,,,,,,,,,,
119,124,,,,,,,,,,
119,124,,,,,,,,,,
125,126,,,,,,,,,,
125,126,,,,,,,,,,
1,3,2,4,5,,,,,,,
1,6,50,,,,,,,,,
27,50,,,,,,,,,,
10,6,8,74,,,,,,,,
1,2,,,,,,,,,,
17,96,92,6,,,,,,,,
1,6,4,,,,,,,,,
107,27,,,,,,,,,,
3,5,8,,,,,,,,,
118,117,96,50,,,,,,,,
50,27,107,,,,,,,,,
3,5,6,50,,,,,,,,
74,50,4,,,,,,,,,
107,50,27,,,,,,,,,
2,3,5,4,,,,,,,,
27,6,,,,,,,,,,
50,118,27,,,,,,,,,
50,27,96,117,,,,,,,,
27,107,6,4,,,,,,,,
1,2,6,27,107,,,,,,,
3,17,74,107,,,,,,,,
6,27,2,8,,,,,,,,
6,1,74,,,,,,,,,
1,17,6,50,,,,,,,,
2,17,107,,,,,,,,,
1,3,2,,,,,,,,,
3,107,50,,,,,,,,,
6,1,8,,,,,,,,,
6,107,27,,,,,,,,,
3,27,,,,,,,,,,
1,107,17,50,,,,,,,,
3,107,,,,,,,,,,
1,6,27,,,,,,,,,
3,1,107,,,,,,,,,
1,50,74,,,,,,,,,
3,17,6,50,,,,,,,,
1,27,107,,,,,,,,,
1,6,27,,,,,,,,,
3,107,27,,,,,,,,,
2,6,3,27,,,,,,,,
1,107,27,,,,,,,,,
1,6,107,,,,,,,,,
3,6,27,,,,,,,,,
1,107,,,,,,,,,,
1,6,107,,,,,,,,,
1,107,50,,,,,,,,,
3,6,107,,,,,,,,,
1,6,,,,,,,,,,
3,6,27,,,,,,,,,
1,6,50,,,,,,,,,
3,6,107,,,,,,,,,
1,6,107,,,,,,,,,
3,107,50,,,,,,,,,
1,107,50,,,,,,,,,
3,6,107,,,,,,,,,
1,6,107,,,,,,,,,
1,6,27,,,,,,,,,
1,107,50,,,,,,,,,
3,107,,,,,,,,,,
1,6,107,,,,,,,,,
1,107,,,,,,,,,,
1,6,27,,,,,,,,,
3,107,27,,,,,,,,,
1,107,27,,,,,,,,,
1,6,107,,,,,,,,,
3,6,107,,,,,,,,,
1,6,107,,,,,,,,,
1,107,50,,,,,,,,,
3,107,,,,,,,,,,
1,6,107,,,,,,,,,
1,107,,,,,,,,,,
1,6,27,,,,,,,,,
1,107,50,,,,,,,,,
3,107,,,,,,,,,,
1,6,107,,,,,,,,,
1,107,,,,,,,,,,
1,6,27,,,,,,,,,
1,107,50,,,,,,,,,
3,107,,,,,,,,,,
1,6,107,,,,,,,,,
1,107,,,,,,,,,,
1,6,27,,,,,,,,,
1,107,50,,,,,,,,,
3,107,,,,,,,,,,
1,6,107,,,,,,,,,
1,107,,,,,,,,,,
1,6,27,,,,,,,,,
1,107,50,,,,,,,,,
3,107,,,,,,,,,,
1,6,107,,,,,,,,,
1,107,,,,,,,,,,
6,49,116,119,13,,,,,,,
108,50,27,17,,,,,,,,
107,123,92,115,6,,,,,,,
7,136,,,,,,,,,,
148,125,6,118,,,,,,,,
50,117,119,,,,,,,,,
110,149,124,,,,,,,,,
123,108,102,,,,,,,,,
148,50,12,74,,,,,,,,
17,107,,,,,,,,,,
123,124,116,6,168,,,,,,,
6,92,118,,,,,,,,,
12,6,11,148,96,,,,,,,
7,6,9,,,,,,,,,
50,119,168,,,,,,,,,
27,119,168,,,,,,,,,
1,3,2,,,,,,,,,
1,3,2,,,,,,,,,
1,3,2,,,,,,,,,
1,3,2,,,,,,,,,
1,3,2,,,,,,,,,
1,3,2,,,,,,,,,
107,50,102,13,,,,,,,,
6,50,118,7,115,,,,,,,
13,123,108,,,,,,,,,
6,148,168,,,,,,,,,
27,107,13,,,,,,,,,
6,92,119,115,,,,,,,,
6,123,119,,,,,,,,,
6,148,13,,,,,,,,,
6,118,123,,,,,,,,,
6,168,50,,,,,,,,,
6,92,148,,,,,,,,,
6,107,115,,,,,,,,,
6,148,50,,,,,,,,,
6,123,168,,,,,,,,,
6,50,92,,,,,,,,,
6,123,107,,,,,,,,,
6,123,148,,,,,,,,,
6,168,50,,,,,,,,,
6,148,50,,,,,,,,,
6,50,92,,,,,,,,,
6,123,107,,,,,,,,,
6,123,148,,,,,,,,,
6,168,50,,,,,,,,,
6,148,50,,,,,,,,,
6,123,92,,,,,,,,,
6,123,107,,,,,,,,,
6,123,148,,,,,,,,,
6,168,50,,,,,,,,,
6,148,50,,,,,,,,,
6,50,92,,,,,,,,,
6,123,107,,,,,,,,,
6,123,148,,,,,,,,,
6,168,50,,,,,,,,,
6,148,50,,,,,,,,,
6,123,92,,,,,,,,,
6,123,107,,,,,,,,,
6,123,148,,,,,,,,,
6,168,50,,,,,,,,,
6,148,50,,,,,,,,,
6,50,92,,,,,,,,,
6,123,107,,,,,,,,,
6,123,148,,,,,,,,,
6,168,50,,,,,,,,,
6,148,50,,,,,,,,,
6,123,92,,,,,,,,,
6,123,107,,,,,,,,,
6,123,148,,,,,,,,,
6,168,50,,,,,,,,,
6,148,50,,,,,,,,,
6,50,92,,,,,,,,,
6,123,107,,,,,,,,,
6,123,148,,,,,,,,,
6,168,50,,,,,,,,,
6,148,50,,,,,,,,,
6,123,92,,,,,,,,,
6,123,107,,,,,,,,,
6,123,148,,,,,,,,,
6,168,50,,,,,,,,,
6,148,50,,,,,,,,,
6,50,92,,,,,,,,,
6,123,107,,,,,,,,,
6,123,148,,,,,,,,,
6,168,50,,,,,,,,,
6,148,50,,,,,,,,,
6,123,92,,,,,,,,,
6,123,107,,,,,,,,,
6,123,148,,,,,,,,,
6,168,50,,,,,,,,,
6,148,50,,,,,,,,,
6,50,92,,,,,,,,,
6,123,107,,,,,,,,,
6,123,148,,,,,,,,,
6,168,50,,,,,,,,,
6,148,50,,,,,,,,,
6,123,92,,,,,,,,,
6,17,27,117,,,,,,,,
10,49,50,96,92,,,,,,,
73,102,40,6,17,27,,,,,,
108,107,119,118,89,,,,,,,
6,50,74,110,117,107,119,,,,,
27,117,115,6,,,,,,,,
10,17,12,123,13,11,50,,,,,
8,6,40,50,148,96,102,107,,,,
7,168,6,73,117,27,107,,,,,
10,6,17,27,117,107,,,,,,
6,17,50,148,117,,,,,,,
27,107,6,17,117,,,,,,,
10,96,73,50,92,6,17,27,107,,,
108,6,107,50,96,92,,,,,,
6,17,50,27,117,,,,,,,
10,49,50,96,92,,,,,,,
73,102,40,6,17,27,,,,,,
108,107,119,118,89,,,,,,,
6,50,74,110,117,107,119,,,,,
27,117,115,6,,,,,,,,
10,17,12,123,13,11,50,,,,,
8,6,40,50,148,96,102,107,,,,
7,168,6,73,117,27,107,,,,,
10,6,17,27,117,107,,,,,,
6,17,50,148,117,,,,,,,
27,107,6,17,117,,,,,,,
10,96,73,50,92,6,17,27,107,,,
108,6,107,50,96,92,,,,,,
6,17,50,27,117,,,,,,,
10,49,50,96,92,,,,,,,
73,102,40,6,17,27,,,,,,
108,107,119,118,89,,,,,,,
1,3,2,,,,,,,,,
6,50,74,110,117,107,119,,,,,
27,117,115,6,,,,,,,,
10,17,12,123,13,11,50,,,,,
8,6,40,50,148,96,102,107,,,,
7,168,6,73,117,27,107,,,,,
10,6,17,27,117,107,,,,,,
6,17,50,148,117,,,,,,,
27,107,6,17,117,,,,,,,
10,96,73,50,92,6,17,27,107,,,
108,6,107,50,96,92,,,,,,
6,17,50,27,117,,,,,,,
10,49,50,96,92,,,,,,,
73,102,40,6,17,27,,,,,,
108,107,119,118,89,,,,,,,
6,50,74,110,117,107,119,,,,,
27,117,115,6,,,,,,,,
10,17,12,123,13,11,50,,,,,
8,6,40,50,148,96,102,107,,,,
7,168,6,73,117,27,107,,,,,
10,6,17,27,117,107,,,,,,
6,17,50,148,117,,,,,,,
27,107,6,17,117,,,,,,,
10,96,73,50,92,6,17,27,107,,,
108,6,107,50,96,92,,,,,,
6,17,50,27,117,,,,,,,
6,107,27,50,40,,,,,,,
8,10,17,6,92,50,27,,,,,
49,6,89,17,27,,,,,,,
96,73,50,6,17,,,,,,,
102,6,106,107,40,17,50,,,,,
107,108,6,110,,,,,,,,
111,113,115,116,117,6,,,,,,
118,119,121,124,125,6,126,,,,,
128,129,131,6,134,136,,,,,,
139,147,148,6,50,,,,,,,
149,157,158,6,,,,,,,,
163,6,171,11,,,,,,,,
12,13,6,14,,,,,,,,
15,7,9,6,26,,,,,,,
123,141,6,142,,,,,,,,
168,182,6,,,,,,,,,
6,40,27,107,108,50,,,,,,
10,74,49,6,96,50,148,,,,,
102,124,115,123,13,148,107,50,,,,
8,136,110,124,148,116,123,6,50,,,
10,96,92,6,50,148,107,,,,,
92,6,148,10,123,50,,,,,,
6,148,40,50,107,10,96,92,,,,
27,50,148,6,107,10,,,,,,
6,123,148,96,50,74,107,10,,,,
96,50,6,27,148,107,10,74,,,,
6,50,148,123,107,10,96,74,,,,
148,6,50,107,10,96,123,,,,,
6,148,96,50,107,10,,,,,,
148,6,107,10,50,,,,,,,
6,107,148,10,50,,,,,,,
6,148,10,107,50,,,,,,,
6,148,10,107,50,,,,,,,
6,49,50,96,102,92,119,,,,,
8,123,110,11,126,136,131,118,,,,
10,148,124,115,7,168,134,149,,,,
108,26,157,141,9,117,17,,,,,
27,40,171,13,15,182,73,107,14,,,
158,129,147,89,125,111,139,136,6,,,
123,7,11,92,12,148,117,168,,,,
50,96,108,6,171,13,182,124,,,,
27,118,119,10,107,136,,,,,,
8,40,134,126,15,102,17,,,,,
157,123,111,89,139,73,129,125,7,,,
148,168,11,117,26,92,158,147,,,,
50,136,12,149,6,14,118,171,,,,
27,119,10,96,17,182,107,,,,,
110,108,134,13,124,8,125,9,,,,
157,158,73,7,117,148,168,129,11,,,
6,50,92,123,15,126,149,136,102,,,
10,27,40,96,107,119,26,,,,,
182,8,171,13,14,118,124,,,,,
108,134,110,125,9,7,158,168,,,,
50,6,12,157,11,117,148,147,102,,,
10,96,17,92,15,123,119,149,118,,,
107,27,40,26,13,124,129,134,,,,
108,8,168,7,117,182,11,110,136,,,
50,6,157,96,12,102,148,9,147,,,
10,17,123,119,124,14,73,158,125,,,
118,107,92,117,168,134,15,7,,,,
27,40,8,182,110,129,108,11,,,,
6,50,96,123,148,102,13,136,,,,
10,17,107,119,117,124,134,168,147,,,
108,8,92,7,11,157,26,182,,,,
118,6,50,96,102,13,136,168,125,,,
10,17,123,107,119,124,14,158,110,,,
108,8,92,7,11,157,26,182,,,,
118,6,50,96,102,13,136,168,125,,,
10,17,123,107,119,,,,,,,
,14,158,110,,,,,,,,
108,8,92,7,11,157,26,182,,,,
74,6,15,26,142,,,,,,,
131,13,50,27,182,123,141,,,,,
96,102,6,50,141,182,123,131,,,,
40,128,126,121,110,,,,,,,
17,6,107,40,,,,,,,,
27,50,148,,,,,,,,,
8,74,118,,,,,,,,,
10,49,115,,,,,,,,,
92,89,96,102,,,,,,,,
106,107,73,111,,,,,,,,
110,108,131,,,,,,,,,
117,118,119,,,,,,,,,
111,113,115,116,,,,,,,,
148,149,134,,,,,,,,,
171,11,12,,,,,,,,,
13,14,15,,,,,,,,,
7,9,26,,,,,,,,,
123,141,142,168,,,,,,,,
17,8,6,27,,,,,,,,
74,92,89,96,,,,,,,,
40,106,107,73,,,,,,,,
110,108,131,,,,,,,,,
117,118,119,121,,,,,,,,
111,113,115,116,,,,,,,,
148,149,157,,,,,,,,,
158,163,171,,,,,,,,,
11,12,13,,,,,,,,,
14,15,7,9,,,,,,,,
26,123,141,142,,,,,,,,
168,182,17,8,,,,,,,,
6,27,74,,,,,,,,,
92,89,96,40,,,,,,,,
106,107,73,111,,,,,,,,
110,108,131,,,,,,,,,
117,118,119,121,,,,,,,,
111,113,115,116,,,,,,,,
148,149,134,,,,,,,,,
158,163,11,,,,,,,,,
12,13,14,15,,,,,,,,
7,9,26,123,,,,,,,,
141,142,168,182,,,,,,,,
17,6,8,27,,,,,,,,
74,92,89,,,,,,,,,
40,106,107,,,,,,,,,
110,108,131,,,,,,,,,
117,118,119,,,,,,,,,
111,113,115,,,,,,,,,
148,149,157,,,,,,,,,
163,171,11,,,,,,,,,
12,13,14,,,,,,,,,
15,7,9,26,,,,,,,,
123,141,142,168,,,,,,,,
182,17,8,6,,,,,,,,
27,74,,,,,,,,,,
92,89,96,40,,,,,,,,
106,107,73,,,,,,,,,
110,108,131,,,,,,,,,
117,118,119,121,,,,,,,,
111,113,115,116,,,,,,,,
148,149,134,,,,,,,,,
158,163,,,,,,,,,,
11,12,13,,,,,,,,,
14,15,7,9,,,,,,,,
26,123,141,142,,,,,,,,
168,142,,,,,,,,,,
6,107,27,49,,,,,,,,
8,10,27,,,,,,,,,
40,6,50,,,,,,,,,
17,92,89,,,,,,,,,
96,102,106,,,,,,,,,
107,108,110,,,,,,,,,
6,111,116,,,,,,,,,
117,118,119,,,,,,,,,
121,124,125,,,,,,,,,
126,128,131,,,,,,,,,
134,136,147,,,,,,,,,
148,149,,,,,,,,,,
157,158,163,,,,,,,,,
171,11,12,,,,,,,,,
13,14,15,7,,,,,,,,
9,26,123,,,,,,,,,
141,142,168,182,,,,,,,,
8,10,17,,,,,,,,,
27,40,,,,,,,,,,
6,50,49,,,,,,,,,
17,92,89,96,,,,,,,,
102,106,107,,,,,,,,,
108,110,6,,,,,,,,,
111,116,117,,,,,,,,,
118,119,121,,,,,,,,,
124,125,126,,,,,,,,,
128,131,134,,,,,,,,,
136,147,148,,,,,,,,,
149,157,158,,,,,,,,,
163,171,11,,,,,,,,,
12,13,14,15,,,,,,,,
7,9,26,123,,,,,,,,
141,142,168,,,,,,,,,
6,107,27,,,,,,,,,
8,10,17,,,,,,,,,
92,89,96,,,,,,,,,
102,106,108,,,,,,,,,
110,111,116,,,,,,,,,
117,118,119,,,,,,,,,
121,124,125,,,,,,,,,
126,128,131,,,,,,,,,
134,136,147,,,,,,,,,
148,149,,,,,,,,,,
157,158,163,,,,,,,,,
171,11,12,,,,,,,,,
13,14,15,,,,,,,,,
7,9,26,,,,,,,,,
141,142,168,182,,,,,,,,
6,8,10,,,,,,,,,
17,92,89,,,,,,,,,
96,102,106,,,,,,,,,
107,108,110,,,,,,,,,
111,116,117,,,,,,,,,
118,119,121,,,,,,,,,
124,125,126,,,,,,,,,
128,131,134,,,,,,,,,
136,147,148,,,,,,,,,
149,157,158,,,,,,,,,
163,171,11,,,,,,,,,
12,13,14,,,,,,,,,
7,9,26,123,,,,,,,,
141,142,168,182,,,,,,,,
17,27,6,,,,,,,,,
107,40,50,,,,,,,,,
49,74,96,,,,,,,,,
102,106,121,,,,,,,,,
124,125,148,,,,,,,,,
149,157,158,,,,,,,,,
163,171,11,,,,,,,,,
12,13,14,,,,,,,,,
15,7,9,,,,,,,,,
26,123,141,,,,,,,,,
142,168,182,,,,,,,,,
8,10,27,,,,,,,,,
40,49,50,,,,,,,,,
73,74,89,,,,,,,,,
92,96,102,,,,,,,,,
106,107,108,,,,,,,,,
110,111,113,,,,,,,,,
115,116,117,,,,,,,,,
118,119,121,,,,,,,,,
124,125,126,,,,,,,,,
128,129,131,,,,,,,,,
134,136,139,,,,,,,,,
147,148,149,,,,,,,,,
157,158,163,,,,,,,,,
171,11,12,,,,,,,,,
13,14,15,,,,,,,,,
7,9,26,,,,,,,,,
123,141,142,,,,,,,,,
168,182,8,,,,,,,,,
10,17,27,,,,,,,,,
40,49,73,,,,,,,,,
74,89,92,,,,,,,,,
96,102,106,,,,,,,,,
107,108,110,,,,,,,,,
111,113,115,,,,,,,,,
116,117,118,,,,,,,,,
119,121,124,,,,,,,,,
125,126,128,,,,,,,,,
129,131,134,,,,,,,,,
136,139,147,,,,,,,,,
148,149,157,,,,,,,,,
158,163,171,,,,,,,,,
11,12,13,,,,,,,,,
14,15,7,,,,,,,,,
9,26,123,,,,,,,,,
141,142,168,,,,,,,,,
182,8,10,,,,,,,,,
17,27,40,,,,,,,,,
49,74,92,,,,,,,,,
96,102,106,,,,,,,,,
107,108,110,,,,,,,,,
111,113,115,,,,,,,,,
116,117,118,,,,,,,,,
119,121,124,,,,,,,,,
125,126,128,,,,,,,,,
129,131,134,,,,,,,,,
136,139,147,,,,,,,,,
148,149,157,,,,,,,,,
158,163,171,,,,,,,,,
11,12,13,,,,,,,,,
14,15,7,,,,,,,,,
9,26,123,,,,,,,,,
6,107,106,,,,,,,,,
8,10,27,40,,,,,,,,
50,73,74,89,,,,,,,,
17,92,96,102,,,,,,,,
106,107,108,110,,,,,,,,
111,113,115,116,,,,,,,,
117,118,119,121,,,,,,,,
124,125,126,,,,,,,,,
128,129,131,134,,,,,,,,
136,139,147,148,,,,,,,,
157,158,163,,,,,,,,,
171,11,12,13,,,,,,,,
14,15,7,9,,,,,,,,
26,123,141,142,,,,,,,,
168,182,8,10,,,,,,,,
6,27,40,,,,,,,,,
49,74,96,,,,,,,,,
102,106,107,108,,,,,,,,
110,111,113,115,,,,,,,,
116,117,118,119,,,,,,,,
121,124,125,126,,,,,,,,
128,129,131,134,,,,,,,,
136,139,147,148,,,,,,,,
157,158,163,,,,,,,,,
171,11,12,13,,,,,,,,
16,,,,,,,,,,,
19,,,,,,,,,,,
18,,,,,,,,,,,
19,,,,,,,,,,,
20,,,,,,,,,,,
21,,,,,,,,,,,
22,,,,,,,,,,,
23,,,,,,,,,,,
24,,,,,,,,,,,
25,,,,,,,,,,,
18,,,,,,,,,,,
28,,,,,,,,,,,
18,,,,,,,,,,,
29,,,,,,,,,,,
30,,,,,,,,,,,
16,,,,,,,,,,,
31,,,,,,,,,,,
32,,,,,,,,,,,
34,,,,,,,,,,,
24,,,,,,,,,,,
1,3,2,4,,,,,,,,
1,3,2,4,,,,,,,,
1,3,2,4,,,,,,,,
33,,,,,,,,,,,
33,,,,,,,,,,,
24,,,,,,,,,,,
34,,,,,,,,,,,
35,,,,,,,,,,,
24,,,,,,,,,,,
36,,,,,,,,,,,
20,,,,,,,,,,,
24,,,,,,,,,,,
44,,,,,,,,,,,
28,155,,,,,,,,,,
24,,,,,,,,,,,
44,,,,,,,,,,,
44,,,,,,,,,,,
28,,,,,,,,,,,
28,,,,,,,,,,,
24,155,,,,,,,,,,
37,,,,,,,,,,,
38,,,,,,,,,,,
39,,,,,,,,,,,
41,,,,,,,,,,,
42,,,,,,,,,,,
43,,,,,,,,,,,
61,,,,,,,,,,,
44,,,,,,,,,,,
44,,,,,,,,,,,
45,,,,,,,,,,,
46,,,,,,,,,,,
47,,,,,,,,,,,
56,,,,,,,,,,,
48,,,,,,,,,,,
51,,,,,,,,,,,
52,,,,,,,,,,,
56,,,,,,,,,,,
53,,,,,,,,,,,
54,,,,,,,,,,,
55,,,,,,,,,,,
56,,,,,,,,,,,
56,,,,,,,,,,,
57,,,,,,,,,,,
61,,,,,,,,,,,
58,,,,,,,,,,,
59,,,,,,,,,,,
60,,,,,,,,,,,
70,,,,,,,,,,,
61,,,,,,,,,,,
62,,,,,,,,,,,
58,,,,,,,,,,,
63,,,,,,,,,,,
64,,,,,,,,,,,
58,,,,,,,,,,,
65,,,,,,,,,,,
66,,,,,,,,,,,
67,,,,,,,,,,,
68,,,,,,,,,,,
69,,,,,,,,,,,
70,,,,,,,,,,,
71,,,,,,,,,,,
72,,,,,,,,,,,
75,,,,,,,,,,,
76,,,,,,,,,,,
77,,,,,,,,,,,
78,,,,,,,,,,,
79,,,,,,,,,,,
80,,,,,,,,,,,
58,,,,,,,,,,,
81,,,,,,,,,,,
82,,,,,,,,,,,
83,,,,,,,,,,,
84,,,,,,,,,,,
85,,,,,,,,,,,
86,,,,,,,,,,,
87,,,,,,,,,,,
88,,,,,,,,,,,
90,,,,,,,,,,,
91,,,,,,,,,,,
1,3,2,4,5,,,,,,,
1,3,2,4,5,,,,,,,
1,3,2,4,5,,,,,,,
1,3,2,4,5,,,,,,,
1,3,2,4,5,,,,,,,
1,3,2,4,5,,,,,,,
1,3,2,4,5,,,,,,,
1,3,2,4,5,,,,,,,
1,3,2,4,5,,,,,,,
93,,,,,,,,,,,
94,,,,,,,,,,,
137,,,,,,,,,,,
95,,,,,,,,,,,
97,,,,,,,,,,,
98,,,,,,,,,,,
58,,,,,,,,,,,
99,,,,,,,,,,,
100,,,,,,,,,,,
101,,,,,,,,,,,
103,,,,,,,,,,,
104,,,,,,,,,,,
105,,,,,,,,,,,
109,,,,,,,,,,,
112,,,,,,,,,,,
114,,,,,,,,,,,
120,,,,,,,,,,,
122,,,,,,,,,,,
127,,,,,,,,,,,
130,,,,,,,,,,,
132,,,,,,,,,,,
133,,,,,,,,,,,
58,,,,,,,,,,,
135,,,,,,,,,,,
137,,,,,,,,,,,
138,,,,,,,,,,,
153,,,,,,,,,,,
140,,,,,,,,,,,
143,,,,,,,,,,,
144,,,,,,,,,,,
145,,,,,,,,,,,
58,,,,,,,,,,,
146,,,,,,,,,,,
150,,,,,,,,,,,
151,,,,,,,,,,,
152,,,,,,,,,,,
153,,,,,,,,,,,
154,,,,,,,,,,,
154,,,,,,,,,,,
154,,,,,,,,,,,
137,,,,,,,,,,,
155,,,,,,,,,,,
156,,,,,,,,,,,
159,,,,,,,,,,,
160,,,,,,,,,,,
161,,,,,,,,,,,
216,142,,,,,,,,,,
168,182,,,,,,,,,,
6,50,,,,,,,,,,
162,,,,,,,,,,,
58,,,,,,,,,,,
164,,,,,,,,,,,
165,,,,,,,,,,,
166,,,,,,,,,,,
167,,,,,,,,,,,
169,,,,,,,,,,,
170,,,,,,,,,,,
172,,,,,,,,,,,
58,,,,,,,,,,,
173,,,,,,,,,,,
174,,,,,,,,,,,
175,,,,,,,,,,,
165,,,,,,,,,,,
176,,,,,,,,,,,
177,,,,,,,,,,,
178,,,,,,,,,,,
179,,,,,,,,,,,
180,,,,,,,,,,,
181,,,,,,,,,,,
181,,,,,,,,,,,
183,,,,,,,,,,,
184,,,,,,,,,,,
185,,,,,,,,,,,
186,,,,,,,,,,,
187,,,,,,,,,,,
188,,,,,,,,,,,
189,,,,,,,,,,,
190,,,,,,,,,,,
191,,,,,,,,,,,
192,,,,,,,,,,,
193,,,,,,,,,,,
194,,,,,,,,,,,
195,,,,,,,,,,,
196,,,,,,,,,,,
197,,,,,,,,,,,
198,,,,,,,,,,,
199,,,,,,,,,,,
200,,,,,,,,,,,
201,,,,,,,,,,,
202,,,,,,,,,,,
203,,,,,,,,,,,
204,,,,,,,,,,,
205,,,,,,,,,,,
206,,,,,,,,,,,
207,,,,,,,,,,,
208,,,,,,,,,,,
209,,,,,,,,,,,
6,8,10,17,27,,,,,,,
40,49,50,73,74,,,,,,,
89,92,96,102,106,,,,,,,
107,108,110,111,113,,,,,,,
115,116,117,118,119,,,,,,,
121,125,,,,,,,,,,
124,126,128,,,,,,,,,
129,131,134,136,139,,,,,,,
147,148,149,157,158,,,,,,,
163,171,11,12,13,,,,,,,
14,15,4,5,7,,,,,,,
9,26,123,141,142,,,,,,,
168,182,6,73,148,,,,,,,
27,107,115,124,157,,,,,,,
119,163,11,7,9,,,,,,,
4,12,123,49,117,,,,,,,
118,129,149,134,14,,,,,,,
89,92,125,96,102,,,,,,,
15,110,111,139,113,,,,,,,
168,26,141,142,182,40,,,,,,
106,147,108,126,128,,,,,,,
8,17,10,50,74,116,,,,,,
171,121,13,158,131,,,,,,,
136,148,163,11,119,,,,,,,
5,7,9,123,12,,,,,,,
92,89,96,102,106,107,,,,,,
108,110,111,113,115,,,,,,,
116,117,118,,,,,,,,,
119,121,124,,,,,,,,,
125,126,128,129,131,,,,,,,
134,136,139,147,148,,,,,,,
149,157,158,163,,,,,,,,
171,11,12,13,14,,,,,,,
15,4,5,7,9,,,,,,,
26,123,141,142,168,182,,,,,,
6,73,148,27,107,,,,,,,
115,124,157,119,163,,,,,,,
11,7,9,4,12,,,,,,,
123,49,117,118,129,,,,,,,
149,134,14,89,92,,,,,,,
125,96,102,15,110,,,,,,,
111,139,113,168,26,141,,,,,,
142,182,40,106,147,,,,,,,
108,126,128,8,17,,,,,,,
10,50,74,116,171,,,,,,,
121,13,158,131,136,,,,,,,
210,,,,,,,,,,,
125,121,119,,,,,,,,,
125,121,119,,,,,,,,,
125,121,119,,,,,,,,,
125,121,119,,,,,,,,,
125,121,119,211,,,,,,,,
119,121,211,,,,,,,,,
119,121,119,,,,,,,,,
119,121,119,,,,,,,,,
119,121,119,,,,,,,,,
119,121,119,,,,,,,,,
119,121,119,,,,,,,,,
211,,,,,,,,,,,
212,,,,,,,,,,,
213,,,,,,,,,,,
214,,,,,,,,,,,
229,264,,,,,,,,,,
215,,,,,,,,,,,
216,,,,,,,,,,,
216,,,,,,,,,,,
216,141,,,,,,,,,,
217,,,,,,,,,,,
218,,,,,,,,,,,
219,,,,,,,,,,,
220,,,,,,,,,,,
221,,,,,,,,,,,
222,,,,,,,,,,,
223,,,,,,,,,,,
224,,,,,,,,,,,
225,,,,,,,,,,,
226,,,,,,,,,,,
230,,,,,,,,,,,
216,,,,,,,,,,,
254,,,,,,,,,,,
227,,,,,,,,,,,
228,,,,,,,,,,,
229,264,,,,,,,,,,
229,264,,,,,,,,,,
229,264,,,,,,,,,,
229,264,,,,,,,,,,
229,264,,,,,,,,,,
230,,,,,,,,,,,
231,,,,,,,,,,,
232,,,,,,,,,,,
141,142,168,182,,,,,,,,
233,,,,,,,,,,,
234,,,,,,,,,,,
235,,,,,,,,,,,
236,,,,,,,,,,,
237,,,,,,,,,,,
141,,,,,,,,,,,
142,168,182,,,,,,,,,
168,182,,,,,,,,,,
1,3,2,4,5,,,,,,,
1,3,2,4,5,,,,,,,
1,3,2,4,5,,,,,,,
1,3,2,4,5,,,,,,,
1,3,2,4,5,,,,,,,
141,142,168,,,,,,,,,
168,216,,,,,,,,,,
141,142,,,,,,,,,,
182,,,,,,,,,,,
238,,,,,,,,,,,
239,254,,,,,,,,,,
240,,,,,,,,,,,
241,,,,,,,,,,,
242,280,,,,,,,,,,
243,,,,,,,,,,,
244,,,,,,,,,,,
245,,,,,,,,,,,
246,,,,,,,,,,,
247,,,,,,,,,,,
248,,,,,,,,,,,
249,,,,,,,,,,,
250,,,,,,,,,,,
251,,,,,,,,,,,
252,,,,,,,,,,,
253,,,,,,,,,,,
292,,,,,,,,,,,
254,,,,,,,,,,,
254,,,,,,,,,,,
254,,,,,,,,,,,
255,,,,,,,,,,,
256,,,,,,,,,,,
257,,,,,,,,,,,
258,,,,,,,,,,,
259,,,,,,,,,,,
260,,,,,,,,,,,
261,,,,,,,,,,,
262,,,,,,,,,,,
263,,,,,,,,,,,
264,,,,,,,,,,,
265,,,,,,,,,,,
266,,,,,,,,,,,
24,265,,,,,,,,,,
267,,,,,,,,,,,
268,,,,,,,,,,,
269,,,,,,,,,,,
270,,,,,,,,,,,
271,,,,,,,,,,,
272,,,,,,,,,,,
273,,,,,,,,,,,
292,,,,,,,,,,,
274,,,,,,,,,,,
275,,,,,,,,,,,
276,,,,,,,,,,,
277,,,,,,,,,,,
278,,,,,,,,,,,
278,279,,,,,,,,,,
279,,,,,,,,,,,
279,211,,,,,,,,,,
211,279,,,,,,,,,,
211,279,,,,,,,,,,
211,279,,,,,,,,,,
280,211,,,,,,,,,,
280,211,,,,,,,,,,
280,211,,,,,,,,,,
281,,,,,,,,,,,
282,,,,,,,,,,,
282,,,,,,,,,,,
283,,,,,,,,,,,
284,285,,,,,,,,,,
285,,,,,,,,,,,
27,286,,,,,,,,,,
286,,,,,,,,,,,
287,,,,,,,,,,,
287,,,,,,,,,,,
288,,,,,,,,,,,
289,,,,,,,,,,,
289,,,,,,,,,,,
6,8,10,27,50,,,,,,,
6,92,27,40,107,117,118,,,,,
6,50,49,92,148,,,,,,,
17,27,50,40,117,118,,,,,,
8,108,110,50,124,123,92,,,,,
27,74,107,108,110,,,,,,,
6,8,10,17,27,40,49,,,,,
6,50,73,96,108,110,7,182,,,,
6,8,27,40,117,118,,,,,,
8,10,27,49,50,96,108,,,,,
6,8,10,27,74,50,,,,,,
6,8,27,40,50,73,,,,,,
6,10,17,27,40,117,118,,,,,
8,27,40,107,117,118,,,,,,
8,10,27,50,108,110,117,,,,,
6,8,27,50,96,110,108,,,,,
8,27,40,50,124,182,,,,,,
6,8,27,50,40,107,,,,,,
8,10,27,40,117,118,,,,,,
6,8,10,27,50,40,49,,,,,
6,8,27,50,40,92,7,,,,,
8,27,40,117,118,,,,,,,
6,8,10,27,50,40,49,,,,,
290,,,,,,,,,,,
291,292,,,,,,,,,,
292,,,,,,,,,,,
292,,,,,,,,,,,
293,,,,,,,,,,,
119,121,,,,,,,,,,
294,316,,,,,,,,,,
295,27,,,,,,,,,,
27,296,292,,,,,,,,,
292,,,,,,,,,,,
297,,,,,,,,,,,
298,,,,,,,,,,,
299,,,,,,,,,,,
300,,,,,,,,,,,
301,,,,,,,,,,,
302,,,,,,,,,,,
303,,,,,,,,,,,
304,,,,,,,,,,,
320,,,,,,,,,,,
305,,,,,,,,,,,
305,,,,,,,,,,,
305,198,,,,,,,,,,
306,,,,,,,,,,,
40,128,126,121,110,,,,,,,
307,,,,,,,,,,,
308,,,,,,,,,,,
309,,,,,,,,,,,
310,,,,,,,,,,,
292,,,,,,,,,,,
310,,,,,,,,,,,
27,182,123,,,,,,,,,
311,,,,,,,,,,,
292,,,,,,,,,,,
312,,,,,,,,,,,
313,,,,,,,,,,,
314,,,,,,,,,,,
315,,,,,,,,,,,
316,,,,,,,,,,,
317,,,,,,,,,,,
318,,,,,,,,,,,
74,6,15,26,142,,,,,,,
131,13,50,27,182,123,141,,,,,
96,102,6,50,141,182,123,131,,,,
319,,,,,,,,,,,
292,,,,,,,,,,,
320,,,,,,,,,,,
286,,,,,,,,,,,
320,292,,,,,,,,,,
6,17,27,49,50,96,106,,,,,
8,50,6,73,74,89,92,12,7,,,
10,102,124,50,168,136,13,6,,,,
117,107,119,11,148,26,118,27,,,,
17,126,115,117,50,136,6,96,108,,,
40,6,10,148,8,168,119,,,,,
50,7,27,17,92,124,118,,,,,
49,123,15,6,17,27,107,,,,,
50,116,117,6,148,168,11,123,,,,
108,8,124,96,117,50,92,,,,,
10,107,27,12,6,17,,,,,,
49,119,50,117,8,148,,,,,,
123,6,124,96,107,,,,,,,
17,168,115,118,7,50,,,,,,
6,10,117,50,124,148,,,,,,
107,8,27,17,6,96,,,,,,
108,12,123,50,168,,,,,,,
6,50,117,10,,,,,,,,
107,8,27,148,124,17,,,,,,
119,6,49,96,,,,,,,,
50,108,107,92,168,,,,,,,
17,117,6,123,124,,,,,,,
7,50,10,148,49,,,,,,,
107,8,27,17,117,96,,,,,,
119,6,124,50,116,,,,,,,
118,50,6,168,,,,,,,,
108,12,123,117,,,,,,,,
6,10,107,8,27,,,,,,,
119,50,124,148,49,,,,,,,
17,96,117,6,123,,,,,,,
107,7,108,168,,,,,,,,
50,10,8,124,6,,,,,,,
118,50,148,119,17,,,,,,,
117,6,107,27,96,,,,,,,
108,123,168,50,,,,,,,,
6,10,107,8,148,,,,,,,
119,124,50,49,117,,,,,,,
17,6,96,123,,,,,,,,
107,7,108,168,50,,,,,,,
50,10,8,124,117,,,,,,,
118,50,148,119,17,,,,,,,
117,6,107,27,96,,,,,,,
108,123,168,50,,,,,,,,
6,10,107,8,148,,,,,,,
119,124,50,49,117,,,,,,,
17,6,96,123,,,,,,,,
107,7,108,168,50,,,,,,,
50,10,8,124,117,,,,,,,
118,50,148,119,17,,,,,,,
117,6,107,27,96,,,,,,,
108,123,168,50,,,,,,,,
6,10,107,8,148,,,,,,,
119,124,50,49,117,,,,,,,
17,6,96,123,,,,,,,,
107,7,108,168,50,,,,,,,
50,10,8,124,117,,,,,,,
118,50,148,119,17,,,,,,,
117,6,107,27,96,,,,,,,
108,123,168,50,,,,,,,,
6,8,107,27,,,,,,,,
40,10,17,,,,,,,,,
27,50,73,,,,,,,,,
96,102,106,,,,,,,,,
107,108,110,,,,,,,,,
111,113,115,116,,,,,,,,
118,119,121,,,,,,,,,
124,125,126,,,,,,,,,
128,129,131,,,,,,,,,
134,136,139,,,,,,,,,
148,149,157,,,,,,,,,
158,163,171,,,,,,,,,
11,12,13,,,,,,,,,
14,15,7,,,,,,,,,
9,26,123,,,,,,,,,
141,142,168,182,,,,,,,,
6,8,27,,,,,,,,,
40,10,,,,,,,,,,
27,73,117,,,,,,,,,
96,102,106,107,,,,,,,,
111,113,115,,,,,,,,,
118,119,,,,,,,,,,
124,125,,,,,,,,,,
128,131,134,,,,,,,,,
136,139,147,,,,,,,,,
148,149,,,,,,,,,,
158,163,,,,,,,,,,
11,12,,,,,,,,,,
14,15,292,,,,,,,,,
9,26,123,141,,,,,,,,
142,168,182,8,,,,,,,,
6,27,10,,,,,,,,,
40,73,117,,,,,,,,,
96,102,106,,,,,,,,,
111,113,115,116,,,,,,,,
118,119,121,,,,,,,,,
124,125,126,,,,,,,,,
128,129,,,,,,,,,,
134,136,139,,,,,,,,,
148,149,157,,,,,,,,,
158,163,171,,,,,,,,,
11,12,13,,,,,,,,,
14,15,7,,,,,,,,,
9,26,123,,,,,,,,,
141,142,168,182,,,,,,,,
6,27,,,,,,,,,,
40,10,117,,,,,,,,,
96,102,,,,,,,,,,
111,113,115,116,,,,,,,,
118,119,,,,,,,,,,
124,125,,,,,,,,,,
128,131,,,,,,,,,,
134,136,,,,,,,,,,
148,149,,,,,,,,,,
158,163,,,,,,,,,,
11,12,,,,,,,,,,
14,15,7,,,,,,,,,
9,26,123,141,,,,,,,,
142,168,182,,,,,,,,,
6,107,27,49,,,,,,,,
8,17,27,40,,,,,,,,
96,102,106,115,,,,,,,,
6,10,148,157,,,,,,,,
92,117,118,119,,,,,,,,
107,49,115,116,,,,,,,,
111,113,115,131,,,,,,,,
134,136,147,,,,,,,,,
148,149,157,158,,,,,,,,
17,40,12,13,,,,,,,,
6,8,27,49,,,,,,,,
10,50,73,74,,,,,,,,
96,102,106,115,,,,,,,,
6,107,27,131,,,,,,,,
92,117,118,163,,,,,,,,
49,115,116,182,,,,,,,,
6,10,148,157,158,,,,,,,
17,12,13,14,,,,,,,,
96,102,106,115,,,,,,,,
107,27,131,134,,,,,,,,
92,117,118,136,,,,,,,,
6,8,50,73,74,,,,,,,
10,148,157,163,171,,,,,,,
96,102,106,115,168,,,,,,,
6,107,27,131,,,,,,,,
92,117,118,11,,,,,,,,
49,115,116,142,,,,,,,,
6,10,148,157,158,,,,,,,
17,12,13,15,,,,,,,,
96,102,106,115,182,,,,,,,
107,27,131,134,,,,,,,,
92,117,118,136,,,,,,,,
6,8,50,73,,,,,,,,
10,148,7,9,,,,,,,,
96,102,106,115,,,,,,,,
6,107,27,131,134,,,,,,,
92,117,118,136,,,,,,,,
49,115,116,168,,,,,,,,
6,10,148,157,,,,,,,,
17,12,13,14,,,,,,,,
6,107,27,8,,,,,,,,
1,3,2,4,5,,,,,,,
1,3,2,4,5,,,,,,,
1,3,2,4,5,,,,,,,
1,3,2,4,5,,,,,,,
17,50,40,,,,,,,,,
96,102,106,,,,,,,,,
107,49,74,,,,,,,,,
92,89,118,,,,,,,,,
6,117,119,,,,,,,,,
10,148,134,,,,,,,,,
73,12,13,,,,,,,,,
14,15,7,,,,,,,,,
9,26,123,,,,,,,,,
6,8,27,,,,,,,,,
17,40,49,,,,,,,,,
96,102,106,107,,,,,,,,
92,89,118,117,,,,,,,,
10,148,136,,,,,,,,,
73,11,14,,,,,,,,,
15,7,141,,,,,,,,,
142,168,182,,,,,,,,,
6,8,27,50,,,,,,,,
17,102,106,49,,,,,,,,
96,107,74,92,,,,,,,,
89,118,117,119,,,,,,,,
10,148,134,136,,,,,,,,
73,12,13,14,,,,,,,,
15,7,9,26,,,,,,,,
123,142,168,182,,,,,,,,
6,8,27,40,,,,,,,,
17,49,74,96,,,,,,,,
102,106,107,92,,,,,,,,
89,118,117,10,,,,,,,,
148,136,73,12,,,,,,,,
13,14,15,7,,,,,,,,
9,26,123,141,,,,,,,,
142,168,182,108,,,,,,,,
6,8,27,50,107,,,,,,,
17,49,74,96,102,,,,,,,
106,92,89,118,117,,,,,,,
10,148,136,73,,,,,,,,
12,13,14,15,,,,,,,,
9,26,123,141,142,,,,,,,
168,182,108,157,,,,,,,,
6,121,124,125,,,,,,,,
17,126,128,129,,,,,,,,
96,131,134,136,,,,,,,,
92,89,118,119,,,,,,,,
10,148,163,171,,,,,,,,
17,27,40,,,,,,,,,
6,107,118,,,,,,,,,
10,50,,,,,,,,,,
8,148,74,,,,,,,,,
96,102,106,,,,,,,,,
111,115,116,,,,,,,,,
117,119,118,,,,,,,,,
73,121,7,,,,,,,,,
124,125,134,,,,,,,,,
136,139,147,,,,,,,,,
14,15,13,,,,,,,,,
11,12,168,,,,,,,,,
182,26,123,,,,,,,,,
141,142,,,,,,,,,,
17,27,6,,,,,,,,,
50,49,10,,,,,,,,,
107,118,74,,,,,,,,,
96,102,106,,,,,,,,,
115,116,117,,,,,,,,,
119,118,73,,,,,,,,,
121,7,124,,,,,,,,,
125,136,139,,,,,,,,,
14,15,11,,,,,,,,,
12,13,182,,,,,,,,,
26,123,141,,,,,,,,,
142,168,17,,,,,,,,,
27,6,50,,,,,,,,,
49,10,107,,,,,,,,,
1,3,2,4,5,,,,,,,
1,3,2,4,5,,,,,,,
1,3,2,4,5,,,,,,,
1,3,2,4,5,,,,,,,
118,74,96,,,,,,,,,
102,106,117,,,,,,,,,
119,118,73,,,,,,,,,
121,7,124,,,,,,,,,
125,136,14,,,,,,,,,
15,13,12,,,,,,,,,
182,26,123,,,,,,,,,
141,142,168,8,,,,,,,,
6,107,118,74,,,,,,,,
96,102,106,,,,,,,,,
117,119,115,,,,,,,,,
73,121,7,,,,,,,,,
124,125,136,,,,,,,,,
139,147,14,,,,,,,,,
15,13,11,,,,,,,,,
12,182,26,,,,,,,,,
123,141,142,168,,,,,,,,
10,50,49,,,,,,,,,
6,107,118,,,,,,,,,
74,96,102,,,,,,,,,
106,117,119,,,,,,,,,
118,73,121,,,,,,,,,
7,124,125,,,,,,,,,
136,139,14,,,,,,,,,
15,13,12,,,,,,,,,
182,26,123,,,,,,,,,
141,142,168,17,,,,,,,,
27,6,50,,,,,,,,,
49,10,107,,,,,,,,,
118,74,96,,,,,,,,,
102,106,117,,,,,,,,,
119,118,73,,,,,,,,,
121,7,124,,,,,,,,,
125,136,14,,,,,,,,,
15,13,12,,,,,,,,,
182,26,123,,,,,,,,,
141,142,168,8,,,,,,,,
6,107,118,74,,,,,,,,
96,102,106,,,,,,,,,
117,119,115,,,,,,,,,
148,107,27,49,,,,,,,,
6,8,10,17,,,,,,,,
40,50,73,74,,,,,,,,
89,92,96,106,,,,,,,,
102,107,108,,,,,,,,,
6,110,111,119,,,,,,,,
117,118,124,125,,,,,,,,
126,128,129,131,,,,,,,,
134,136,139,147,,,,,,,,
14,15,7,9,,,,,,,,
148,27,171,,,,,,,,,
10,17,74,50,,,,,,,,
6,8,40,73,,,,,,,,
89,92,96,102,,,,,,,,
1,3,2,4,5,,,,,,,
1,3,2,4,5,,,,,,,
1,3,2,4,5,,,,,,,
1,3,2,4,5,,,,,,,
107,108,110,,,,,,,,,
6,111,119,121,,,,,,,,
117,118,124,157,,,,,,,,
126,128,129,158,,,,,,,,
134,136,139,163,,,,,,,,
14,15,7,26,,,,,,,,
148,27,123,,,,,,,,,
6,8,10,,,,,,,,,
40,50,73,,,,,,,,,
89,92,96,,,,,,,,,
102,107,141,,,,,,,,,
6,142,119,,,,,,,,,
117,118,168,,,,,,,,,
126,128,182,,,,,,,,,
134,136,11,,,,,,,,,
14,12,13,,,,,,,,,
148,6,107,8,,,,,,,,
27,50,,,,,,,,,,
40,74,96,102,,,,,,,,
106,107,73,118,,,,,,,,
119,121,124,125,,,,,,,,
111,113,115,116,,,,,,,,
117,118,148,17,,,,,,,,
149,157,158,,,,,,,,,
163,171,11,,,,,,,,,
12,13,14,15,,,,,,,,
7,9,26,123,,,,,,,,
141,142,168,182,,,,,,,,
6,8,10,17,,,,,,,,
27,40,,,,,,,,,,
50,73,74,102,,,,,,,,
106,107,119,121,,,,,,,,
124,125,111,113,,,,,,,,
115,116,117,118,,,,,,,,
148,17,6,8,,,,,,,,
27,40,50,,,,,,,,,
73,74,102,106,,,,,,,,
107,119,121,124,,,,,,,,
125,111,113,115,,,,,,,,
116,117,118,148,,,,,,,,
1,3,2,,,,,,,,,
4,5,,,,,,,,,,
1,3,2,,,,,,,,,
4,5,,,,,,,,,,
1,3,2,,,,,,,,,
4,5,,,,,,,,,,
1,3,2,,,,,,,,,
4,5,,,,,,,,,,
17,6,8,10,,,,,,,,
27,40,49,50,,,,,,,,
73,74,102,106,,,,,,,,
107,119,121,124,,,,,,,,
125,111,113,115,,,,,,,,
116,117,118,148,,,,,,,,
6,8,10,17,27,50,73,74,,,,
96,102,106,107,108,,,,,,,
110,111,113,115,116,117,118,,,,,
119,124,125,126,128,129,131,,,,,
134,136,139,147,148,149,157,,,,,
158,163,171,11,12,13,14,15,,,,
7,9,26,123,141,142,168,182,,,,
1,2,3,4,5,,,,,,,
17,27,40,107,108,6,,,,,,
8,10,17,27,50,73,74,96,,,,
102,106,107,108,110,111,113,,,,,
115,116,117,118,119,124,125,126,,,,
128,129,131,134,136,139,147,148,,,,
149,157,158,163,171,11,12,13,,,,
14,15,7,9,26,123,141,142,,,,
168,182,1,2,3,4,5,,,,,
17,27,40,107,108,6,,,,,,
8,10,17,27,49,50,73,74,96,,,
102,106,107,108,110,111,113,,,,,
115,116,117,118,119,124,125,126,,,,
128,129,131,134,136,139,147,148,,,,
149,157,158,163,171,11,12,13,,,,
14,15,7,9,26,123,141,142,,,,
168,182,1,2,3,4,5,,,,,
17,27,40,107,108,6,,,,,,
8,10,17,27,50,73,74,96,,,,
102,106,107,108,110,111,113,,,,,
115,116,117,118,119,124,125,126,,,,
128,129,131,134,136,139,147,148,,,,
149,157,158,163,171,11,12,13,,,,
14,15,7,9,26,123,141,142,,,,
168,182,,,,,,,,,,
1,3,2,5,6,27,107,117,,,,
2,6,107,27,117,118,,,,,,
1,3,2,6,27,117,,,,,,
2,6,107,117,118,,,,,,,
1,2,6,107,117,118,,,,,,
1,2,5,6,107,117,27,,,,,
1,2,6,117,118,,,,,,,
1,2,6,107,27,117,118,,,,,
1,3,2,6,107,117,,,,,,
3,2,6,107,117,27,,,,,,
3,2,6,117,118,,,,,,,
1,2,6,107,117,,,,,,,
1,2,5,6,107,117,27,,,,,
1,2,6,107,117,118,,,,,,
1,3,2,6,107,117,27,,,,,
1,3,2,6,107,117,27,,,,,
1,3,2,6,107,117,,,,,,
1,2,6,107,117,27,,,,,,
1,2,6,107,117,118,,,,,,
3,6,107,,,,,,,,,
17,27,40,,,,,,,,,
96,102,106,,,,,,,,,
49,50,73,,,,,,,,,
148,149,157,,,,,,,,,
158,163,171,,,,,,,,,
11,12,13,,,,,,,,,
14,15,1,,,,,,,,,
8,10,6,,,,,,,,,
2,27,,,,,,,,,,
50,74,89,,,,,,,,,
92,96,102,,,,,,,,,
106,107,108,,,,,,,,,
110,111,113,,,,,,,,,
115,116,117,,,,,,,,,
118,119,121,,,,,,,,,
124,125,126,,,,,,,,,
128,129,131,,,,,,,,,
134,136,139,,,,,,,,,
147,148,149,,,,,,,,,
157,158,163,,,,,,,,,
171,11,12,,,,,,,,,
13,14,15,,,,,,,,,
4,5,7,,,,,,,,,
9,26,123,,,,,,,,,
141,142,168,,,,,,,,,
182,1,8,,,,,,,,,
10,6,2,,,,,,,,,
27,50,,,,,,,,,,
74,89,92,,,,,,,,,
96,102,106,,,,,,,,,
107,108,110,,,,,,,,,
111,113,115,,,,,,,,,
116,117,118,,,,,,,,,
119,121,124,,,,,,,,,
125,126,128,,,,,,,,,
129,131,134,,,,,,,,,
136,139,147,,,,,,,,,
148,149,157,,,,,,,,,
158,163,171,,,,,,,,,
11,12,13,,,,,,,,,
14,15,4,,,,,,,,,
5,7,9,,,,,,,,,
26,123,141,,,,,,,,,
142,168,182,,,,,,,,,
1,8,10,,,,,,,,,
6,2,27,,,,,,,,,
49,50,74,,,,,,,,,
89,92,96,,,,,,,,,
102,106,107,,,,,,,,,
108,110,111,,,,,,,,,
113,115,116,,,,,,,,,
117,118,119,,,,,,,,,
121,124,125,,,,,,,,,
126,128,129,,,,,,,,,
131,134,136,,,,,,,,,
139,147,148,,,,,,,,,
149,157,158,,,,,,,,,
163,171,11,,,,,,,,,
12,,,,,,,,,,,
3,6,107,40,,,,,,,,
27,8,49,,,,,,,,,
1,2,7,,,,,,,,,
102,106,124,,,,,,,,,
118,119,115,,,,,,,,,
10,111,129,,,,,,,,,
131,134,136,,,,,,,,,
4,13,14,,,,,,,,,
15,9,182,,,,,,,,,
96,92,89,,,,,,,,,
73,74,108,,,,,,,,,
110,121,147,,,,,,,,,
113,116,125,,,,,,,,,
126,128,158,,,,,,,,,
163,171,11,,,,,,,,,
1,3,2,,,,,,,,,
1,3,2,,,,,,,,,
1,3,2,,,,,,,,,
1,3,2,,,,,,,,,
1,3,2,,,,,,,,,
1,3,2,,,,,,,,,
1,3,2,,,,,,,,,
1,3,2,,,,,,,,,
1,3,2,,,,,,,,,
12,26,123,,,,,,,,,
141,142,168,,,,,,,,,
5,107,27,,,,,,,,,
6,8,10,,,,,,,,,
17,50,49,,,,,,,,,
148,1,2,,,,,,,,,
102,106,124,,,,,,,,,
118,119,115,,,,,,,,,
,111,129,,,,,,,,,
131,134,136,,,,,,,,,
4,13,14,,,,,,,,,
15,9,,,,,,,,,,
96,92,89,,,,,,,,,
73,74,108,,,,,,,,,
110,121,,,,,,,,,,
113,116,125,,,,,,,,,
126,128,,,,,,,,,,
163,171,11,,,,,,,,,
12,26,,,,,,,,,,
141,142,,,,,,,,,,
17,27,40,,,,,,,,,
6,8,107,50,,,,,,,,
3,2,,,,,,,,,,
10,148,,,,,,,,,,
102,106,49,,,,,,,,,
96,118,117,,,,,,,,,
111,115,116,,,,,,,,,
74,89,92,,,,,,,,,
73,119,121,,,,,,,,,
124,125,,,,,,,,,,
7,9,,,,,,,,,,
12,13,14,,,,,,,,,
1,4,,,,,,,,,,
168,182,142,,,,,,,,,
26,123,141,,,,,,,,,
171,11,,,,,,,,,,
157,158,,,,,,,,,,
163,134,136,,,,,,,,,
129,131,139,,,,,,,,,
147,149,108,,,,,,,,,
5,107,,,,,,,,,,
128,8,,,,,,,,,,
6,27,,,,,,,,,,
10,49,,,,,,,,,,
102,106,96,,,,,,,,,
118,117,74,,,,,,,,,
17,89,92,,,,,,,,,
115,116,73,,,,,,,,,
119,121,124,,,,,,,,,
125,12,13,,,,,,,,,
14,1,,,,,,,,,,
148,4,,,,,,,,,,
7,9,26,,,,,,,,,
123,141,142,,,,,,,,,
168,182,171,,,,,,,,,
11,157,158,,,,,,,,,
163,134,136,,,,,,,,,
149,108,107,,,,,,,,,
10,27,,,,,,,,,,
102,106,49,,,,,,,,,
96,118,117,,,,,,,,,
17,89,92,,,,,,,,,
115,116,73,,,,,,,,,
119,121,124,,,,,,,,,
125,12,13,,,,,,,,,
14,1,,,,,,,,,,
1,3,2,6,17,50,96,102,,,,
6,8,27,40,107,49,73,119,124,,,
1,74,148,149,147,123,141,168,7,9,,
1,17,50,96,102,6,27,168,182,,,
1,2,8,10,50,96,102,124,,,,
6,10,17,50,96,168,182,,,,,
1,74,148,119,27,40,124,,,,,
6,1,3,2,107,50,96,102,168,,,
6,17,50,96,102,119,124,5,,,,
1,50,96,102,6,27,168,182,,,,
1,3,6,50,96,102,168,182,,,,
1,8,50,96,6,124,,,,,,
1,10,17,50,96,6,168,182,,,,
6,1,74,148,50,96,102,124,,,,
1,2,6,17,50,96,102,119,168,,,
1,50,96,102,6,119,168,182,,,,
1,2,8,10,50,96,102,124,,,,
6,10,17,50,96,168,182,,,,,
1,74,148,119,27,40,124,,,,,
6,1,3,2,107,50,96,102,168,,,
6,17,50,96,102,119,124,5,,,,
1,50,96,102,6,27,168,182,,,,
1,3,6,50,96,102,168,182,,,,
1,8,50,96,6,124,,,,,,
1,10,17,50,96,6,168,182,,,,
6,1,74,148,50,96,102,124,,,,
1,2,6,17,50,96,102,119,168,,,
1,50,96,102,6,119,168,182,,,,
1,2,8,10,50,96,102,124,,,,
6,10,17,50,96,168,182,,,,,
1,74,148,119,27,40,124,,,,,
6,1,3,2,107,50,96,102,168,,,
6,17,50,96,102,119,124,5,,,,
1,50,96,102,6,27,168,182,,,,
1,3,6,50,96,102,168,182,,,,
1,8,50,96,6,124,,,,,,
1,10,17,50,96,6,168,182,,,,
6,1,74,148,50,96,102,124,,,,
1,2,6,17,50,96,102,119,168,,,
1,50,96,102,6,119,168,182,,,,
1,2,8,10,50,96,102,124,,,,
1,74,148,119,27,40,124,,,,,
6,1,3,2,107,50,96,102,168,,,
6,17,50,96,102,119,124,5,,,,
1,50,96,102,6,27,168,182,,,,
1,3,6,50,96,102,168,182,,,,
1,8,50,96,6,124,,,,,,
1,10,17,50,96,6,168,182,,,,
6,1,74,148,50,96,102,124,,,,
1,2,6,17,50,96,102,119,168,,,
1,50,96,102,6,119,168,182,,,,
1,2,8,10,50,96,102,124,,,,
6,10,17,50,96,168,182,,,,,
1,74,148,119,27,40,124,,,,,
6,1,3,2,107,50,96,102,168,,,
6,17,50,96,102,119,124,5,,,,
1,50,96,102,6,27,168,182,,,,
1,3,6,50,96,102,168,182,,,,
1,8,50,96,6,124,,,,,,
1,10,17,50,96,6,168,182,,,,
6,1,74,148,50,96,102,124,,,,
1,2,6,17,50,96,102,119,168,,,
1,50,96,102,6,119,168,182,,,,
1,2,8,10,50,96,102,124,,,,
6,10,17,50,96,168,182,,,,,
1,74,148,119,27,40,124,,,,,
1,3,2,,,,,,,,,
1,3,2,,,,,,,,,
3,2,,,,,,,,,,
3,2,,,,,,,,,,
3,2,,,,,,,,,,
1,3,2,,,,,,,,,
1,3,2,,,,,,,,,
1,3,2,,,,,,,,,
1,3,2,,,,,,,,,
1,3,2,,,,,,,,,
129,131,147,,,,,,,,,
3,2,,,,,,,,,,
3,2,,,,,,,,,,
3,2,,,,,,,,,,
1,3,2,,,,,,,,,
1,3,2,,,,,,,,,
1,3,2,,,,,,,,,
1,3,2,,,,,,,,,
1,3,2,,,,,,,,,
1,3,2,,,,,,,,,
1,3,2,,,,,,,,,
1,3,2,,,,,,,,,
17,50,148,,,,,,,,,
1,3,2,,,,,,,,,
1,3,2,,,,,,,,,
1,3,2,,,,,,,,,
1,3,2,,,,,,,,,
1,3,2,,,,,,,,,
1,3,2,,,,,,,,,
1,3,2,,,,,,,,,
1,3,2,,,,,,,,,
6,10,17,50,96,168,182,,,,,
1,3,2,,,,,,,,,
1,3,2,,,,,,,,,
1,3,2,,,,,,,,,
1,3,2,,,,,,,,,
1,3,2,,,,,,,,,
1,3,2,,,,,,,,,
128,6,8,,,,,,,,,
1,3,,,,,,,,,,
1,3,,,,,,,,,,
1,3,,,,,,,,,,
3,2,,,,,,,,,,
1,3,,,,,,,,,,
1,3,,,,,,,,,,
1,3,,,,,,,,,,
1,3,,,,,,,,,,
1,3,,,,,,,,,,
1,3,,,,,,,,,,
1,3,,,,,,,,,,
1,3,,,,,,,,,,
1,3,,,,,,,,,,
1,3,,,,,,,,,,
1,3,,,,,,,,,,
1,3,,,,,,,,,,
1,3,,,,,,,,,,
1,3,,,,,,,,,,
1,3,,,,,,,,,,
1,3,,,,,,,,,,
1,3,,,,,,,,,,
1,3,,,,,,,,,,
1,3,,,,,,,,,,
1,3,,,,,,,,,,
1,3,,,,,,,,,,
17,27,40,,,,,,,,,
6,107,8,,,,,,,,,
3,1,,,,,,,,,,
148,14,15,,,,,,,,,
10,50,49,,,,,,,,,
102,106,96,,,,,,,,,
92,89,74,,,,,,,,,
115,116,117,,,,,,,,,
119,118,7,,,,,,,,,
124,125,134,,,,,,,,,
171,11,12,,,,,,,,,
13,9,26,,,,,,,,,
123,141,142,,,,,,,,,
2,4,,,,,,,,,,
168,182,8,,,,,,,,,
111,113,6,,,,,,,,,
157,158,163,,,,,,,,,
108,110,136,,,,,,,,,
129,131,139,,,,,,,,,
147,149,128,,,,,,,,,
73,10,27,,,,,,,,,
107,96,92,,,,,,,,,
74,89,117,,,,,,,,,
118,119,115,,,,,,,,,
3,2,,,,,,,,,,
116,49,106,,,,,,,,,
102,123,141,,,,,,,,,
142,168,182,,,,,,,,,
1,3,,,,,,,,,,
1,3,,,,,,,,,,
1,3,,,,,,,,,,
1,3,,,,,,,,,,
1,3,,,,,,,,,,
1,3,,,,,,,,,,
1,3,2,,,,,,,,,
2,4,,,,,,,,,,
2,4,,,,,,,,,,
2,4,,,,,,,,,,
2,4,,,,,,,,,,
2,4,,,,,,,,,,
2,4,,,,,,,,,,
2,4,,,,,,,,,,
2,4,,,,,,,,,,
148,14,15,,,,,,,,,
14,148,,,,,,,,,,
6,8,107,,,,,,,,,
17,27,40,,,,,,,,,
10,50,49,,,,,,,,,
102,106,96,,,,,,,,,
92,89,74,,,,,,,,,
115,116,117,,,,,,,,,
119,118,7,,,,,,,,,
124,125,134,,,,,,,,,
171,11,12,,,,,,,,,
13,9,26,,,,,,,,,
123,141,142,,,,,,,,,
168,182,8,,,,,,,,,
111,113,6,,,,,,,,,
17,27,40,,,,,,,,,
49,50,96,,,,,,,,,
6,8,10,,,,,,,,,
3,2,,,,,,,,,,
148,134,136,,,,,,,,,
1,6,107,,,,,,,,,
102,106,107,,,,,,,,,
108,110,111,,,,,,,,,
118,119,121,,,,,,,,,
124,125,126,,,,,,,,,
128,129,131,,,,,,,,,
163,171,11,,,,,,,,,
12,13,14,,,,,,,,,
15,4,5,,,,,,,,,
7,9,26,,,,,,,,,
123,141,142,,,,,,,,,
168,182,17,,,,,,,,,
27,40,49,,,,,,,,,
50,96,6,,,,,,,,,
8,10,148,,,,,,,,,
134,136,1,,,,,,,,,
134,136,,,,,,,,,,
6,107,102,,,,,,,,,
106,107,108,,,,,,,,,
110,111,118,,,,,,,,,
119,121,124,,,,,,,,,
125,126,128,,,,,,,,,
129,131,163,,,,,,,,,
171,11,12,,,,,,,,,
13,14,15,,,,,,,,,
4,5,7,,,,,,,,,
9,26,123,,,,,,,,,
141,142,168,,,,,,,,,
182,17,27,,,,,,,,,
40,49,50,,,,,,,,,
96,6,8,,,,,,,,,
10,148,134,,,,,,,,,
1,3,2,,,,,,,,,
1,3,2,,,,,,,,,
1,3,2,,,,,,,,,
1,3,2,,,,,,,,,
136,1,6,,,,,,,,,
107,102,106,,,,,,,,,
108,110,111,,,,,,,,,
118,119,121,,,,,,,,,
124,125,126,,,,,,,,,
128,129,131,,,,,,,,,
163,171,11,,,,,,,,,
12,13,14,,,,,,,,,
15,4,5,,,,,,,,,
7,9,26,,,,,,,,,
123,141,142,,,,,,,,,
168,182,17,,,,,,,,,
17,27,107,6,,,,,,,,
3,2,,,,,,,,,,
8,118,117,,,,,,,,,
1,3,,,,,,,,,,
1,3,,,,,,,,,,
1,3,,,,,,,,,,
1,3,,,,,,,,,,
1,3,,,,,,,,,,
1,3,,,,,,,,,,
1,3,,,,,,,,,,
1,3,,,,,,,,,,
1,3,,,,,,,,,,
1,3,,,,,,,,,,
40,50,49,,,,,,,,,
10,148,102,,,,,,,,,
1,4,,,,,,,,,,
74,89,92,,,,,,,,,
96,106,73,,,,,,,,,
108,111,110,,,,,,,,,
115,116,119,,,,,,,,,
121,124,125,,,,,,,,,
126,128,129,,,,,,,,,
2,4,,,,,,,,,,
131,134,136,,,,,,,,,
139,147,14,,,,,,,,,
15,5,7,,,,,,,,,
9,26,123,,,,,,,,,
141,142,168,,,,,,,,,
,8,6,,,,,,,,,
17,27,40,,,,,,,,,
10,148,102,,,,,,,,,
74,89,96,,,,,,,,,
106,73,108,,,,,,,,,
111,110,115,,,,,,,,,
116,119,121,,,,,,,,,
124,125,126,,,,,,,,,
128,129,131,,,,,,,,,
134,136,139,,,,,,,,,
147,14,15,,,,,,,,,
1,4,7,,,,,,,,,
9,26,123,,,,,,,,,
141,142,168,,,,,,,,,
,6,107,,,,,,,,,
17,27,50,,,,,,,,,
10,148,102,,,,,,,,,
74,89,106,,,,,,,,,
73,108,111,,,,,,,,,
110,115,116,,,,,,,,,
119,121,124,,,,,,,,,
125,126,128,,,,,,,,,
129,131,134,,,,,,,,,
136,139,147,,,,,,,,,
14,15,1,,,,,,,,,
4,7,,,,,,,,,,
9,26,123,,,,,,,,,
17,27,40,,,,,,,,,
6,8,107,96,,,,,,,,
6,8,107,96,,,,,,,,
1,3,,,,,,,,,,
10,49,50,,,,,,,,,
74,89,92,,,,,,,,,
148,149,,,,,,,,,,
148,149,,,,,,,,,,
157,158,,,,,,,,,,
163,171,11,,,,,,,,,
12,13,14,,,,,,,,,
15,4,,,,,,,,,,
7,9,26,,,,,,,,,
123,141,142,,,,,,,,,
168,182,118,,,,,,,,,
119,121,124,,,,,,,,,
125,126,,,,,,,,,,
128,129,131,,,,,,,,,
134,136,139,,,,,,,,,
147,2,,,,,,,,,,
5,102,106,,,,,,,,,
73,117,111,,,,,,,,,
113,115,116,,,,,,,,,
8,6,107,,,,,,,,,
17,27,49,,,,,,,,,
74,89,92,96,,,,,,,,
148,149,157,,,,,,,,,
158,163,171,,,,,,,,,
12,13,14,15,,,,,,,,
7,9,26,123,,,,,,,,
141,142,168,182,,,,,,,,
141,142,168,182,,,,,,,,
182,168,182,,,,,,,,,
134,136,142,168,182,,,,,,,
134,136,142,168,182,,,,,,,
134,136,142,168,182,,,,,,,
134,136,142,168,182,,,,,,,
136,142,168,182,,,,,,,,
136,142,168,182,,,,,,,,
136,142,168,182,,,,,,,,
134,136,142,168,182,,,,,,,
119,121,124,125,,,,,,,,
126,128,129,131,,,,,,,,
134,136,139,147,,,,,,,,
1,3,2,,,,,,,,,
10,50,73,117,,,,,,,,
102,106,107,6,,,,,,,,
17,27,40,8,,,,,,,,
74,89,92,96,,,,,,,,
148,149,157,,,,,,,,,
158,163,171,12,,,,,,,,
13,14,15,7,,,,,,,,
9,26,123,141,,,,,,,,
142,168,182,119,,,,,,,,
142,168,182,,,,,,,,,
121,124,125,126,,,,,,,,
128,129,131,134,,,,,,,,
136,139,147,1,,,,,,,,
17,27,107,6,,,,,,,,
1,3,2,,,,,,,,,
148,15,14,,,,,,,,,
50,106,40,,,,,,,,,
74,96,102,,,,,,,,,
8,10,110,,,,,,,,,
49,131,134,,,,,,,,,
118,119,121,,,,,,,,,
73,111,113,,,,,,,,,
108,115,116,,,,,,,,,
4,5,7,,,,,,,,,
171,11,12,,,,,,,,,
13,124,125,,,,,,,,,
126,128,129,,,,,,,,,
157,158,163,,,,,,,,,
136,139,147,,,,,,,,,
17,6,107,,,,,,,,,
1,3,,,,,,,,,,
148,15,,,,,,,,,,
148,15,,,,,,,,,,
50,106,,,,,,,,,,
74,96,,,,,,,,,,
8,10,,,,,,,,,,
49,131,,,,,,,,,,
118,119,,,,,,,,,,
73,111,,,,,,,,,,
108,115,,,,,,,,,,
4,5,,,,,,,,,,
13,124,,,,,,,,,,
126,128,,,,,,,,,,
157,158,,,,,,,,,,
136,139,,,,,,,,,,
136,139,,,,,,,,,,
6,107,27,,,,,,,,,
1,3,2,,,,,,,,,
148,14,,,,,,,,,,
50,106,40,,,,,,,,,
50,106,40,,,,,,,,,
74,96,102,,,,,,,,,
8,10,110,,,,,,,,,
8,10,110,,,,,,,,,
49,134,168,,,,,,,,,
118,119,121,,,,,,,,,
73,113,,,,,,,,,,
108,116,,,,,,,,,,
4,7,,,,,,,,,,
11,12,,,,,,,,,,
126,129,,,,,,,,,,
157,163,,,,,,,,,,
157,163,,,,,,,,,,
136,147,,,,,,,,,,
17,6,,,,,,,,,,
1,3,2,,,,,,,,,
1,3,2,,,,,,,,,
148,,,,,,,,,,,
50,106,,,,,,,,,,
74,96,,,,,,,,,,
8,10,,,,,,,,,,
49,131,,,,,,,,,,
118,119,,,,,,,,,,
73,111,,,,,,,,,,
108,115,,,,,,,,,,
4,,,,,,,,,,,
13,124,,,,,,,,,,
126,128,,,,,,,,,,
123,141,142,,,,,,,,,
123,141,142,,,,,,,,,
136,139,,,,,,,,,,
17,27,40,,,,,,,,,
6,8,107,,,,,,,,,
3,2,1,,,,,,,,,
10,50,49,,,,,,,,,
74,89,92,,,,,,,,,
74,89,92,,,,,,,,,
74,89,92,,,,,,,,,
73,111,,,,,,,,,,
96,102,106,,,,,,,,,
107,108,110,,,,,,,,,
111,113,115,,,,,,,,,
1,3,2,,,,,,,,,
116,117,118,,,,,,,,,
119,121,124,,,,,,,,,
125,126,128,,,,,,,,,
129,131,134,,,,,,,,,
136,139,147,,,,,,,,,
148,149,,,,,,,,,,
157,158,163,,,,,,,,,
171,11,12,,,,,,,,,
13,14,15,,,,,,,,,
4,5,,,,,,,,,,
7,9,26,,,,,,,,,
123,141,142,,,,,,,,,
168,182,8,,,,,,,,,
17,27,49,,,,,,,,,
6,107,102,,,,,,,,,
1,3,2,,,,,,,,,
10,50,74,,,,,,,,,
89,92,106,,,,,,,,,
96,108,110,,,,,,,,,
107,113,115,,,,,,,,,
116,117,119,,,,,,,,,
121,124,125,,,,,,,,,
126,128,129,,,,,,,,,
131,134,136,,,,,,,,,
139,147,148,,,,,,,,,
149,157,158,,,,,,,,,
163,171,11,,,,,,,,,
12,13,14,,,,,,,,,
15,4,5,,,,,,,,,
7,9,26,,,,,,,,,
123,141,142,,,,,,,,,
168,182,6,,,,,,,,,
17,27,40,,,,,,,,,
17,27,40,,,,,,,,,
96,102,106,,,,,,,,,
3,2,10,,,,,,,,,
50,49,74,,,,,,,,,
89,92,107,,,,,,,,,
108,110,113,,,,,,,,,
115,116,117,,,,,,,,,
119,121,124,,,,,,,,,
125,126,128,,,,,,,,,
129,131,134,,,,,,,,,
136,147,,,,,,,,,,
1,6,49,107,8,,,,,,,
50,6,123,118,,,,,,,,
2,96,148,50,,,,,,,,
10,17,50,7,,,,,,,,
50,148,6,168,,,,,,,,
92,117,50,,,,,,,,,
3,27,,,,,,,,,,
141,142,168,182,,,,,,,,
111,113,115,116,117,118,,,,,,
157,158,,,,,,,,,,
163,171,11,,,,,,,,,
12,13,14,15,4,,,,,,,
5,7,9,26,123,,,,,,,
108,107,110,113,117,118,,,,,,
92,50,107,148,6,17,8,,,,,
7,115,102,50,149,124,13,96,,,,
107,50,6,8,92,40,117,,,,,
50,6,117,118,74,,,,,,,
7,50,107,6,124,117,,,,,,
6,8,50,108,92,11,73,,,,,
6,50,124,13,136,49,,,,,,
6,50,107,117,27,136,49,,,,,
49,50,117,6,124,92,148,,,,,
6,107,27,136,124,7,,,,,,
50,6,117,148,107,92,13,,,,,
6,50,107,117,136,108,124,,,,,
50,6,124,8,117,92,40,13,,,,
6,50,117,107,124,148,74,,,,,
2,3,6,8,96,116,131,,,,,
1,2,6,27,40,,,,,,,
17,107,50,96,119,,,,,,,
3,6,92,115,,,,,,,,
102,124,11,13,,,,,,,,
50,5,136,158,,,,,,,,
116,8,134,7,,,,,,,,
108,123,13,136,168,,,,,,,
4,10,73,131,,,,,,,,
107,149,117,148,7,182,,,,,,
26,49,147,2,141,,,,,,,
123,96,168,17,27,11,,,,,,
92,116,142,171,157,,,,,,,
163,124,50,115,117,,,,,,,
6,8,102,119,107,,,,,,,
74,136,131,15,,,,,,,,
1,110,13,123,,,,,,,,
10,125,7,9,136,,,,,,,
118,50,40,116,,,,,,,,
111,96,168,13,6,,,,,,,
3,148,149,,,,,,,,,
124,134,12,7,,,,,,,,
17,107,50,27,119,,,,,,,
74,8,102,125,115,,,,,,,
92,157,117,4,,,,,,,,
73,136,118,5,7,,,,,,,
108,123,13,116,,,,,,,,
1,10,96,107,6,,,,,,,
27,168,11,124,,,,,,,,
92,50,148,117,,,,,,,,
3,134,119,115,182,,,,,,,
74,8,102,9,4,,,,,,,
107,108,13,6,136,,,,,,,
110,5,118,50,116,,,,,,,
73,124,1,96,,,,,,,,
10,125,7,117,,,,,,,,
92,50,148,11,,,,,,,,
3,134,115,182,,,,,,,,
74,102,9,4,,,,,,,,
108,13,6,136,,,,,,,,
107,110,118,116,,,,,,,,
73,124,1,96,,,,,,,,
10,125,7,117,,,,,,,,
92,50,148,11,,,,,,,,
3,134,115,182,,,,,,,,
74,102,9,4,,,,,,,,
108,13,6,136,,,,,,,,
107,110,118,116,,,,,,,,
73,124,1,96,,,,,,,,
10,125,7,117,,,,,,,,
92,50,148,11,,,,,,,,
3,134,115,182,,,,,,,,
74,102,9,4,,,,,,,,
108,13,6,136,,,,,,,,
107,110,118,116,,,,,,,,
73,124,1,96,,,,,,,,
1,3,2,,,,,,,,,
10,125,7,117,,,,,,,,
1,3,2,,,,,,,,,
92,50,148,11,,,,,,,,
3,134,115,182,,,,,,,,
74,102,9,4,,,,,,,,
1,2,3,6,107,27,40,49,50,8,,
1,6,107,74,27,73,96,115,126,,,
1,10,6,50,74,148,157,118,14,,,
3,17,27,40,74,102,11,149,157,,,
1,6,107,27,50,74,96,115,126,,,
2,3,6,50,8,74,157,118,14,,,
27,40,74,102,11,149,157,123,141,,,
1,2,3,6,107,27,50,74,96,,,
1,10,6,50,74,148,157,118,14,,,
1,3,2,,,,,,,,,
1,2,3,6,107,27,50,74,96,,,
1,2,3,6,8,10,17,27,40,49,,
1,3,6,50,73,74,89,92,96,102,,
107,108,110,111,113,115,116,117,118,119,,
4,5,148,149,157,158,163,171,11,12,,
1,2,3,6,107,,,,,,,
27,1,,,,,,,,,,
6,4,5,1,2,,,,,,,
6,4,3,2,6,,,,,,,
1,4,6,107,27,,,,,,,
50,1,2,6,107,,,,,,,
6,1,5,107,27,,,,,,,
1,5,6,107,,,,,,,,
6,1,107,,,,,,,,,
1,6,4,5,107,,,,,,,
1,6,4,2,107,,,,,,,
6,1,4,107,,,,,,,,
1,2,6,5,107,,,,,,,
1,6,4,107,,,,,,,,
1,6,5,107,,,,,,,,
1,6,5,107,27,,,,,,,
1,6,107,5,27,,,,,,,
1,6,4,107,27,,,,,,,
6,1,4,107,27,,,,,,,
1,6,4,107,,,,,,,,
1,3,2,107,27,,,,,,,
1,6,3,107,27,,,,,,,
6,1,2,107,27,,,,,,,
1,2,3,107,,,,,,,,
1,6,107,,,,,,,,,
1,6,2,107,,,,,,,,
6,1,107,27,,,,,,,,
1,6,107,27,,,,,,,,
6,1,107,27,,,,,,,,
1,6,107,27,,,,,,,,
1,6,107,27,,,,,,,,
1,6,5,107,,,,,,,,
1,6,107,27,,,,,,,,
6,1,2,107,27,,,,,,,
6,107,27,,,,,,,,,
1,6,107,27,,,,,,,,
6,107,,,,,,,,,,
6,107,,,,,,,,,,
6,1,107,,,,,,,,,
6,1,107,,,,,,,,,
1,6,107,,,,,,,,,
1,6,107,,,,,,,,,
6,1,107,,,,,,,,,
1,6,107,,,,,,,,,
1,6,107,,,,,,,,,
1,6,107,,,,,,,,,
6,1,107,,,,,,,,,
1,6,107,,,,,,,,,
6,107,,,,,,,,,,
6,107,,,,,,,,,,
6,1,107,,,,,,,,,
1,6,107,,,,,,,,,
1,6,107,,,,,,,,,
1,6,107,,,,,,,,,
6,1,107,,,,,,,,,
17,27,40,,,,,,,,,
6,107,8,,,,,,,,,
3,2,,,,,,,,,,
10,148,102,,,,,,,,,
49,115,96,,,,,,,,,
92,89,106,,,,,,,,,
111,74,118,,,,,,,,,
119,121,128,,,,,,,,,
131,134,136,,,,,,,,,
147,124,129,,,,,,,,,
158,163,157,,,,,,,,,
171,12,13,,,,,,,,,
14,15,1,,,,,,,,,
7,9,26,,,,,,,,,
123,141,142,,,,,,,,,
168,182,107,,,,,,,,,
3,4,,,,,,,,,,
6,8,10,,,,,,,,,
17,27,49,,,,,,,,,
92,89,74,,,,,,,,,
118,119,121,,,,,,,,,
131,134,148,,,,,,,,,
147,124,158,,,,,,,,,
163,171,12,,,,,,,,,
14,15,7,,,,,,,,,
9,26,123,,,,,,,,,
141,142,168,,,,,,,,,
107,182,2,,,,,,,,,
6,8,10,,,,,,,,,
17,27,,,,,,,,,,
92,89,74,,,,,,,,,
118,119,147,,,,,,,,,
131,134,14,,,,,,,,,
15,7,9,,,,,,,,,
26,123,141,,,,,,,,,
142,168,182,,,,,,,,,
107,1,3,,,,,,,,,
6,8,,,,,,,,,,
17,27,92,,,,,,,,,
89,74,118,,,,,,,,,
119,147,131,,,,,,,,,
134,14,15,,,,,,,,,
7,9,26,,,,,,,,,
123,141,142,,,,,,,,,
168,182,107,,,,,,,,,
17,27,40,,,,,,,,,
6,8,10,,,,,,,,,
3,2,1,,,,,,,,,
148,,65,,,,,,,,,
96,50,117,,,,,,,,,
107,106,49,,,,,,,,,
102,74,92,,,,,,,,,
73,118,119,,,,,,,,,
108,121,124,,,,,,,,,
129,131,134,,,,,,,,,
136,147,14,,,,,,,,,
15,4,5,,,,,,,,,
7,9,26,,,,,,,,,
123,142,168,,,,,,,,,
182,8,6,,,,,,,,,
1,3,,,,,,,,,,
1,3,,,,,,,,,,
1,3,,,,,,,,,,
27,40,49,,,,,,,,,
74,92,96,,,,,,,,,
118,119,108,,,,,,,,,
121,124,129,,,,,,,,,
131,134,136,,,,,,,,,
147,14,15,,,,,,,,,
4,5,7,,,,,,,,,
9,26,123,,,,,,,,,
168,182,17,,,,,,,,,
10,6,8,,,,,,,,,
2,1,,,,,,,,,,
27,40,49,,,,,,,,,
74,96,50,,,,,,,,,
118,119,102,,,,,,,,,
108,124,129,,,,,,,,,
131,136,134,,,,,,,,,
147,15,14,,,,,,,,,
4,7,9,,,,,,,,,
26,123,168,,,,,,,,,
182,8,10,,,,,,,,,
17,27,40,,,,,,,,,
6,107,8,,,,,,,,,
6,107,8,,,,,,,,,
3,2,,,,,,,,,,
148,14,15,,,,,,,,,
128,131,134,,,,,,,,,
50,119,121,,,,,,,,,
74,92,89,,,,,,,,,
10,110,111,,,,,,,,,
96,102,106,,,,,,,,,
108,115,116,,,,,,,,,
1,3,2,,,,,,,,,
117,118,136,,,,,,,,,
124,125,126,,,,,,,,,
1,4,,,,,,,,,,
129,157,158,,,,,,,,,
163,171,11,,,,,,,,,
2,4,,,,,,,,,,
12,13,9,,,,,,,,,
26,123,141,,,,,,,,,
142,168,182,8,,,,,,,,
17,27,,,,,,,,,,
40,6,107,,,,,,,,,
2,3,,,,,,,,,,
148,15,14,,,,,,,,,
128,131,134,74,,,,,,,,
50,119,121,92,,,,,,,,
10,110,111,96,,,,,,,,
102,106,108,,,,,,,,,
115,116,117,118,,,,,,,,
124,125,126,136,,,,,,,,
1,4,129,,,,,,,,,
157,158,163,,,,,,,,,
171,11,12,,,,,,,,,
13,9,26,123,,,,,,,,
141,142,168,182,,,,,,,,
16,,,,,,,,,,,
18,,,,,,,,,,,
19,,,,,,,,,,,
20,,,,,,,,,,,
21,,,,,,,,,,,
22,,,,,,,,,,,
23,,,,,,,,,,,
24,80,,,,,,,,,,
25,,,,,,,,,,,
28,,,,,,,,,,,
29,,,,,,,,,,,
80,,,,,,,,,,,
80,,,,,,,,,,,
80,,,,,,,,,,,
2,4,,,,,,,,,,
2,4,,,,,,,,,,
2,4,,,,,,,,,,
2,4,,,,,,,,,,
2,4,5,,,,,,,,,
2,4,5,,,,,,,,,
2,4,5,,,,,,,,,
2,4,5,,,,,,,,,
2,4,5,,,,,,,,,
2,4,5,,,,,,,,,
80,,,,,,,,,,,
80,,,,,,,,,,,
30,,,,,,,,,,,
31,,,,,,,,,,,
32,,,,,,,,,,,
33,,,,,,,,,,,
34,,,,,,,,,,,
35,,,,,,,,,,,
36,,,,,,,,,,,
37,,,,,,,,,,,
38,,,,,,,,,,,
39,,,,,,,,,,,
41,,,,,,,,,,,
42,,,,,,,,,,,
43,,,,,,,,,,,
44,,,,,,,,,,,
45,,,,,,,,,,,
46,,,,,,,,,,,
47,,,,,,,,,,,
48,,,,,,,,,,,
51,80,,,,,,,,,,
52,,,,,,,,,,,
53,,,,,,,,,,,
54,,,,,,,,,,,
55,,,,,,,,,,,
56,,,,,,,,,,,
57,,,,,,,,,,,
58,,,,,,,,,,,
59,,,,,,,,,,,
60,,,,,,,,,,,
61,,,,,,,,,,,
1,3,2,,,,,,,,,
62,,,,,,,,,,,
63,,,,,,,,,,,
64,,,,,,,,,,,
65,,,,,,,,,,,
66,,,,,,,,,,,
67,,,,,,,,,,,
68,,,,,,,,,,,
69,,,,,,,,,,,
80,,,,,,,,,,,
80,,,,,,,,,,,
80,,,,,,,,,,,
80,,,,,,,,,,,
80,,,,,,,,,,,
70,,,,,,,,,,,
71,,,,,,,,,,,
72,,,,,,,,,,,
75,,,,,,,,,,,
132,,,,,,,,,,,
76,,,,,,,,,,,
77,,,,,,,,,,,
78,,,,,,,,,,,
79,,,,,,,,,,,
132,,,,,,,,,,,
80,,,,,,,,,,,
81,,,,,,,,,,,
82,,,,,,,,,,,
83,,,,,,,,,,,
84,,,,,,,,,,,
85,,,,,,,,,,,
86,,,,,,,,,,,
87,,,,,,,,,,,
88,,,,,,,,,,,
90,,,,,,,,,,,
91,,,,,,,,,,,
93,,,,,,,,,,,
94,,,,,,,,,,,
95,,,,,,,,,,,
97,,,,,,,,,,,
98,,,,,,,,,,,
99,,,,,,,,,,,
100,,,,,,,,,,,
101,,,,,,,,,,,
117,118,131,,,,,,,,,
103,,,,,,,,,,,
104,,,,,,,,,,,
105,,,,,,,,,,,
109,,,,,,,,,,,
112,,,,,,,,,,,
114,,,,,,,,,,,
120,,,,,,,,,,,
122,,,,,,,,,,,
127,,,,,,,,,,,
132,,,,,,,,,,,
130,,,,,,,,,,,
132,,,,,,,,,,,
133,,,,,,,,,,,
135,,,,,,,,,,,
150,,,,,,,,,,,
150,,,,,,,,,,,
137,,,,,,,,,,,
138,,,,,,,,,,,
140,,,,,,,,,,,
143,,,,,,,,,,,
144,,,,,,,,,,,
145,,,,,,,,,,,
146,,,,,,,,,,,
150,,,,,,,,,,,
151,,,,,,,,,,,
152,,,,,,,,,,,
153,,,,,,,,,,,
154,,,,,,,,,,,
155,,,,,,,,,,,
156,,,,,,,,,,,
159,,,,,,,,,,,
160,,,,,,,,,,,
2,4,5,,,,,,,,,
2,4,5,,,,,,,,,
2,4,5,,,,,,,,,
2,4,5,,,,,,,,,
161,,,,,,,,,,,
162,,,,,,,,,,,
164,,,,,,,,,,,
165,,,,,,,,,,,
166,,,,,,,,,,,
174,,,,,,,,,,,
167,,,,,,,,,,,
6,8,50,,,,,,,,,
111,125,157,,,,,,,,,
27,107,106,,,,,,,,,
4,5,,,,,,,,,,
148,7,9,,,,,,,,,
92,89,17,,,,,,,,,
40,49,96,,,,,,,,,
113,115,116,,,,,,,,,
10,102,73,,,,,,,,,
74,124,119,,,,,,,,,
11,12,13,,,,,,,,,
14,15,123,,,,,,,,,
141,142,168,,,,,,,,,
108,110,134,,,,,,,,,
136,139,147,,,,,,,,,
149,158,163,,,,,,,,,
171,26,182,,,,,,,,,
117,118,129,,,,,,,,,
131,126,128,,,,,,,,,
121,125,157,,,,,,,,,
49,96,106,,,,,,,,,
8,6,27,,,,,,,,,
92,50,40,,,,,,,,,
4,9,7,,,,,,,,,
148,14,12,,,,,,,,,
11,13,123,,,,,,,,,
15,141,142,,,,,,,,,
108,110,168,,,,,,,,,
134,136,,,,,,,,,,
134,136,,,,,,,,,,
134,136,168,,,,,,,,,
134,136,139,,,,,,,,,
149,163,158,,,,,,,,,
171,182,26,,,,,,,,,
117,118,131,,,,,,,,,
126,128,129,,,,,,,,,
121,147,124,,,,,,,,,
119,157,125,,,,,,,,,
74,113,115,,,,,,,,,
10,102,116,,,,,,,,,
73,92,89,,,,,,,,,
40,96,49,,,,,,,,,
2,4,5,,,,,,,,,
2,4,5,,,,,,,,,
2,4,5,,,,,,,,,
2,4,5,,,,,,,,,
27,107,106,,,,,,,,,
174,,,,,,,,,,,
169,,,,,,,,,,,
174,,,,,,,,,,,
170,,,,,,,,,,,
172,,,,,,,,,,,
173,,,,,,,,,,,
174,,,,,,,,,,,
175,,,,,,,,,,,
176,,,,,,,,,,,
177,,,,,,,,,,,
178,,,,,,,,,,,
179,,,,,,,,,,,
180,,,,,,,,,,,
185,,,,,,,,,,,
181,,,,,,,,,,,
185,,,,,,,,,,,
185,,,,,,,,,,,
183,,,,,,,,,,,
184,,,,,,,,,,,
185,,,,,,,,,,,
186,,,,,,,,,,,
202,,,,,,,,,,,
187,,,,,,,,,,,
188,,,,,,,,,,,
189,,,,,,,,,,,
190,,,,,,,,,,,
191,,,,,,,,,,,
192,80,,,,,,,,,,
193,,,,,,,,,,,
194,,,,,,,,,,,
195,,,,,,,,,,,
196,,,,,,,,,,,
197,,,,,,,,,,,
198,,,,,,,,,,,
199,,,,,,,,,,,
200,,,,,,,,,,,
201,,,,,,,,,,,
202,,,,,,,,,,,
202,,,,,,,,,,,
203,,,,,,,,,,,
208,,,,,,,,,,,
207,,,,,,,,,,,
207,,,,,,,,,,,
208,,,,,,,,,,,
204,,,,,,,,,,,
205,,,,,,,,,,,
206,,,,,,,,,,,
207,,,,,,,,,,,
208,,,,,,,,,,,
2,4,5,,,,,,,,,
2,4,5,,,,,,,,,
2,4,5,,,,,,,,,
2,4,5,,,,,,,,,
222,,,,,,,,,,,
209,,,,,,,,,,,
210,,,,,,,,,,,
211,,,,,,,,,,,
212,,,,,,,,,,,
213,,,,,,,,,,,
2,4,5,,,,,,,,,
2,4,5,,,,,,,,,
2,4,5,,,,,,,,,
222,,,,,,,,,,,
214,,,,,,,,,,,
303,,,,,,,,,,,
229,303,,,,,,,,,,
215,,,,,,,,,,,
222,,,,,,,,,,,
216,,,,,,,,,,,
217,,,,,,,,,,,
229,,,,,,,,,,,
229,,,,,,,,,,,
218,,,,,,,,,,,
222,,,,,,,,,,,
219,,,,,,,,,,,
220,,,,,,,,,,,
222,,,,,,,,,,,
221,,,,,,,,,,,
222,,,,,,,,,,,
223,,,,,,,,,,,
224,,,,,,,,,,,
225,,,,,,,,,,,
226,,,,,,,,,,,
227,,,,,,,,,,,
228,,,,,,,,,,,
229,,,,,,,,,,,
232,,,,,,,,,,,
232,,,,,,,,,,,
230,,,,,,,,,,,
231,,,,,,,,,,,
233,,,,,,,,,,,
233,,,,,,,,,,,
232,,,,,,,,,,,
233,,,,,,,,,,,
234,,,,,,,,,,,
235,,,,,,,,,,,
236,,,,,,,,,,,
238,,,,,,,,,,,
238,,,,,,,,,,,
237,,,,,,,,,,,
238,,,,,,,,,,,
239,,,,,,,,,,,
240,,,,,,,,,,,
241,,,,,,,,,,,
242,,,,,,,,,,,
243,,,,,,,,,,,
244,,,,,,,,,,,
245,,,,,,,,,,,
246,,,,,,,,,,,
247,,,,,,,,,,,
248,,,,,,,,,,,
245,,,,,,,,,,,
249,,,,,,,,,,,
250,,,,,,,,,,,
245,,,,,,,,,,,
251,,,,,,,,,,,
252,,,,,,,,,,,
253,,,,,,,,,,,
254,,,,,,,,,,,
255,,,,,,,,,,,
256,,,,,,,,,,,
257,,,,,,,,,,,
258,,,,,,,,,,,
278,,,,,,,,,,,
259,,,,,,,,,,,
260,,,,,,,,,,,
260,,,,,,,,,,,
261,,,,,,,,,,,
262,,,,,,,,,,,
263,,,,,,,,,,,
264,,,,,,,,,,,
265,,,,,,,,,,,
266,,,,,,,,,,,
267,,,,,,,,,,,
268,,,,,,,,,,,
269,,,,,,,,,,,
270,,,,,,,,,,,
271,,,,,,,,,,,
260,,,,,,,,,,,
272,,,,,,,,,,,
273,,,,,,,,,,,
274,,,,,,,,,,,
278,,,,,,,,,,,
275,,,,,,,,,,,
276,,,,,,,,,,,
260,,,,,,,,,,,
277,,,,,,,,,,,
278,,,,,,,,,,,
278,,,,,,,,,,,
279,,,,,,,,,,,
279,,,,,,,,,,,
280,,,,,,,,,,,
281,,,,,,,,,,,
281,,,,,,,,,,,
282,,,,,,,,,,,
284,,,,,,,,,,,
283,,,,,,,,,,,
284,,,,,,,,,,,
286,,,,,,,,,,,
285,,,,,,,,,,,
286,,,,,,,,,,,
291,,,,,,,,,,,
287,,,,,,,,,,,
288,,,,,,,,,,,
289,,,,,,,,,,,
290,,,,,,,,,,,
291,,,,,,,,,,,
291,,,,,,,,,,,
291,,,,,,,,,,,
292,80,,,,,,,,,,
293,,,,,,,,,,,
294,,,,,,,,,,,
295,,,,,,,,,,,
296,,,,,,,,,,,
297,,,,,,,,,,,
298,,,,,,,,,,,
299,,,,,,,,,,,
300,,,,,,,,,,,
301,,,,,,,,,,,
302,,,,,,,,,,,
303,,,,,,,,,,,
304,,,,,,,,,,,
309,,,,,,,,,,,
305,,,,,,,,,,,
306,245,,,,,,,,,,
307,,,,,,,,,,,
308,,,,,,,,,,,
309,,,,,,,,,,,
292,80,,,,,,,,,,
309,,,,,,,,,,,
310,,,,,,,,,,,
311,,,,,,,,,,,
312,,,,,,,,,,,
313,,,,,,,,,,,
292,80,,,,,,,,,,
292,80,,,,,,,,,,
314,,,,,,,,,,,
315,,,,,,,,,,,
316,,,,,,,,,,,
317,,,,,,,,,,,
318,,,,,,,,,,,
319,,,,,,,,,,,
320,,,,,,,,,,,
6,8,10,27,,,,,,,,
17,92,96,119,136,,,,,,,
102,124,148,15,7,50,,,,,,
73,149,110,117,118,,,,,,,
123,13,12,168,107,40,,,,,,
126,157,26,139,142,,,,,,,
108,131,134,49,125,147,115,,,,,
163,8,4,89,121,116,,,,,,
111,74,171,11,113,9,182,,,,,
17,27,40,,,,,,,,,
8,10,6,,,,,,,,,
148,115,49,,,,,,,,,
107,106,50,,,,,,,,,
96,102,117,,,,,,,,,
118,119,121,,,,,,,,,
111,113,110,,,,,,,,,
73,74,89,,,,,,,,,
92,124,125,,,,,,,,,
116,134,136,,,,,,,,,
14,15,4,,,,,,,,,
7,9,26,,,,,,,,,
123,141,142,,,,,,,,,
168,182,171,,,,,,,,,
12,13,11,,,,,,,,,
108,149,157,,,,,,,,,
158,163,128,,,,,,,,,
129,131,139,,,,,,,,,
147,8,10,,,,,,,,,
17,27,49,,,,,,,,,
107,106,96,,,,,,,,,
102,117,118,,,,,,,,,
119,121,111,,,,,,,,,
113,110,73,,,,,,,,,
74,89,92,,,,,,,,,
124,125,116,,,,,,,,,
134,136,14,,,,,,,,,
15,4,7,,,,,,,,,
9,26,123,,,,,,,,,
141,142,168,,,,,,,,,
182,171,12,,,,,,,,,
13,11,108,,,,,,,,,
149,157,158,,,,,,,,,
163,128,129,,,,,,,,,
131,139,147,,,,,,,,,
6,8,10,,,,,,,,,
17,27,40,,,,,,,,,
107,106,50,,,,,,,,,
96,102,117,,,,,,,,,
118,119,111,,,,,,,,,
113,110,73,,,,,,,,,
74,89,92,,,,,,,,,
17,27,40,,,,,,,,,
6,107,50,,,,,,,,,
49,74,96,,,,,,,,,
102,106,121,,,,,,,,,
124,125,148,,,,,,,,,
4,5,7,,,,,,,,,
12,13,14,,,,,,,,,
15,8,10,,,,,,,,,
6,117,118,,,,,,,,,
119,115,116,,,,,,,,,
92,89,50,,,,,,,,,
73,27,40,,,,,,,,,
102,106,107,,,,,,,,,
107,106,50,,,,,,,,,
96,102,117,,,,,,,,,
108,110,111,,,,,,,,,
96,74,49,,,,,,,,,
17,117,118,,,,,,,,,
148,124,125,,,,,,,,,
14,15,12,,,,,,,,,
7,4,5,,,,,,,,,
6,107,27,,,,,,,,,
10,8,9,,,,,,,,,
115,119,116,,,,,,,,,
92,89,123,,,,,,,,,
102,106,121,,,,,,,,,
148,124,15,,,,,,,,,
14,13,12,,,,,,,,,
7,4,26,,,,,,,,,
6,27,40,,,,,,,,,
10,8,17,,,,,,,,,
115,119,118,,,,,,,,,
92,89,50,,,,,,,,,
102,106,107,,,,,,,,,
148,124,125,,,,,,,,,
14,13,15,,,,,,,,,
7,4,,,,,,,,,,
6,117,118,,,,,,,,,
10,8,74,,,,,,,,,
115,119,116,,,,,,,,,
92,89,123,119,,,,,,,,
121,,,,,,,,,,,
124,,,,,,,,,,,
125,,,,,,,,,,,
126,,,,,,,,,,,
128,,,,,,,,,,,
129,,,,,,,,,,,
131,,,,,,,,,,,
134,,,,,,,,,,,
136,,,,,,,,,,,
139,,,,,,,,,,,
147,,,,,,,,,,,
148,,,,,,,,,,,
102,106,121,,,,,,,,,
148,15,14,,,,,,,,,
13,12,7,,,,,,,,,
4,,26,,,,,,,,,
6,107,27,117,,,,,,,,
8,49,115,,,,,,,,,
17,40,102,,,,,,,,,
73,74,96,,,,,,,,,
6,50,106,116,,,,,,,,
111,113,118,119,,,,,,,,
10,148,149,157,,,,,,,,
107,108,110,,,,,,,,,
12,13,14,15,,,,,,,,
4,5,7,,,,,,,,,
9,26,123,,,,,,,,,
141,142,168,182,,,,,,,,
6,8,10,27,,,,,,,,
17,40,49,,,,,,,,,
73,74,96,50,,,,,,,,
111,113,118,106,,,,,,,,
10,148,119,158,,,,,,,,
107,108,110,117,,,,,,,,
12,13,14,15,124,,,,,,,
4,5,7,9,,,,,,,,
26,123,129,131,,,,,,,,
141,142,168,134,,,,,,,,
6,8,27,50,,,,,,,,
17,40,49,106,,,,,,,,
73,74,96,119,,,,,,,,
111,113,118,158,,,,,,,,
10,148,149,163,,,,,,,,
107,108,110,115,,,,,,,,
12,13,14,15,125,,,,,,,
4,5,7,128,,,,,,,,
26,123,182,136,,,,,,,,
141,142,168,139,,,,,,,,
6,10,27,50,,,,,,,,
17,49,106,116,,,,,,,,
73,74,96,119,,,,,,,,
111,113,118,157,,,,,,,,
148,149,163,171,,,,,,,,
107,108,110,117,,,,,,,,
12,13,14,15,11,,,,,,,
4,5,7,9,,,,,,,,
26,123,182,147,,,,,,,,
141,142,168,157,,,,,,,,
6,10,27,50,,,,,,,,
17,49,106,116,,,,,,,,
73,74,96,119,,,,,,,,
111,113,118,115,,,,,,,,
148,149,163,171,,,,,,,,
107,108,110,117,,,,,,,,
12,13,14,15,11,,,,,,,
8,6,107,50,,,,,,,,
115,49,96,,,,,,,,,
148,14,15,,,,,,,,,
102,106,118,,,,,,,,,
119,121,7,,,,,,,,,
108,110,111,,,,,,,,,
74,89,92,,,,,,,,,
157,158,134,,,,,,,,,
136,147,124,,,,,,,,,
6,107,27,,,,,,,,,
10,49,116,,,,,,,,,
117,118,50,,,,,,,,,
73,74,96,,,,,,,,,
106,102,148,,,,,,,,,
4,5,12,,,,,,,,,
13,14,7,9,,,,,,,,
26,123,141,142,,,,,,,,
168,182,8,,,,,,,,,
17,27,40,,,,,,,,,
10,6,107,,,,,,,,,
108,110,111,,,,,,,,,
74,89,92,,,,,,,,,
115,49,96,,,,,,,,,
148,14,15,,,,,,,,,
102,106,118,,,,,,,,,
119,121,7,,,,,,,,,
157,158,134,,,,,,,,,
136,147,124,,,,,,,,,
6,27,107,,,,,,,,,
10,49,116,,,,,,,,,
117,118,50,,,,,,,,,
73,74,96,,,,,,,,,
102,106,148,,,,,,,,,
4,5,8,,,,,,,,,
13,14,7,9,,,,,,,,
26,123,141,142,,,,,,,,
6,8,17,50,92,118,125,,,,,
27,40,111,115,157,,,,,,,
10,89,116,119,12,13,,,,,,
113,110,124,126,7,26,,,,,,
49,73,96,102,163,142,,,,,,
107,108,117,128,11,9,,,,,,
106,74,129,134,14,123,,,,,,
148,149,171,15,4,168,,,,,,
131,136,139,147,158,182,,,,,,
6,92,115,125,157,26,123,,,,,
8,17,50,96,118,12,7,,,,,
27,40,111,110,116,119,,,,,,
10,89,117,124,128,9,,,,,,
113,102,106,163,11,142,,,,,,
107,108,74,129,14,123,168,,,,,
73,96,148,149,171,182,,,,,,
49,134,136,139,147,5,,,,,,
131,157,115,92,125,26,,,,,,
6,96,118,12,7,9,123,,,,,
27,40,111,110,116,,,,,,,
10,89,117,124,128,,,,,,,
113,102,106,163,11,,,,,,,
107,108,74,129,14,,,,,,,
73,96,148,149,171,,,,,,,
49,134,136,139,147,,,,,,,
131,157,115,92,125,,,,,,,
6,96,118,12,7,9,123,,,,,
27,40,111,110,116,,,,,,,
107,108,74,129,14,,,,,,,
73,96,148,149,171,,,,,,,
49,134,136,139,147,,,,,,,
131,157,115,92,125,,,,,,,
6,96,118,12,7,9,123,,,,,
27,40,111,110,116,,,,,,,
113,102,106,163,11,,,,,,,
107,108,74,129,14,,,,,,,
73,96,148,149,171,,,,,,,
6,107,27,49,,,,,,,,
8,10,17,,,,,,,,,
40,50,73,74,,,,,,,,
89,92,96,,,,,,,,,
102,106,107,108,,,,,,,,
6,110,111,,,,,,,,,
117,118,119,,,,,,,,,
121,124,125,,,,,,,,,
126,128,131,,,,,,,,,
134,136,147,,,,,,,,,
148,149,,,,,,,,,,
157,158,163,,,,,,,,,
171,11,12,,,,,,,,,
13,14,15,,,,,,,,,
4,5,7,,,,,,,,,
9,26,123,,,,,,,,,
141,142,168,,,,,,,,,
6,107,,,,,,,,,,
8,10,,,,,,,,,,
40,50,,,,,,,,,,
102,106,,,,,,,,,,
117,118,,,,,,,,,,
121,124,,,,,,,,,,
131,134,,,,,,,,,,
148,149,157,,,,,,,,,
158,163,,,,,,,,,,
171,11,,,,,,,,,,
13,14,,,,,,,,,,
4,5,,,,,,,,,,
9,123,,,,,,,,,,
6,27,,,,,,,,,,
8,17,74,,,,,,,,,
40,73,,,,,,,,,,
89,96,102,,,,,,,,,
106,108,110,,,,,,,,,
6,111,,,,,,,,,,
117,119,121,,,,,,,,,
124,126,,,,,,,,,,
128,134,136,,,,,,,,,
148,157,158,,,,,,,,,
163,171,,,,,,,,,,
134,136,141,168,,,,,,,,
168,136,142,134,,,,,,,,
168,136,142,134,,,,,,,,
168,136,142,134,,,,,,,,
168,136,142,134,,,,,,,,
11,12,13,,,,,,,,,
14,15,4,,,,,,,,,
5,9,123,,,,,,,,,
6,107,27,,,,,,,,,
8,10,17,,,,,,,,,
40,,,,,,,,,,,
89,96,,,,,,,,,,
102,106,,,,,,,,,,
117,118,,,,,,,,,,
17,6,107,40,,,,,,,,
27,8,49,,,,,,,,,
10,50,73,118,,,,,,,,
96,102,106,117,,,,,,,,
107,111,115,119,,,,,,,,
148,14,15,4,,,,,,,,
13,6,27,,,,,,,,,
40,8,49,74,,,,,,,,
17,50,118,121,,,,,,,,
10,7,9,26,,,,,,,,
27,102,106,124,,,,,,,,
96,107,111,115,,,,,,,,
148,14,15,5,,,,,,,,
13,6,8,49,,,,,,,,
17,50,148,121,,,,,,,,
10,7,9,26,123,,,,,,,
27,96,106,124,,,,,,,,
102,107,111,149,,,,,,,,
14,15,4,5,,,,,,,,
13,6,8,74,,,,,,,,
17,50,118,147,,,,,,,,
10,7,9,26,141,,,,,,,
27,96,106,134,,,,,,,,
102,107,111,136,,,,,,,,
14,15,4,158,,,,,,,,
13,6,8,129,,,,,,,,
17,50,148,131,,,,,,,,
10,7,9,26,142,,,,,,,
27,96,106,168,,,,,,,,
102,107,111,108,,,,,,,,
14,15,5,163,,,,,,,,
13,6,8,157,,,,,,,,
17,50,118,171,,,,,,,,
10,7,9,26,11,,,,,,,
17,27,40,,,,,,,,,
6,107,50,,,,,,,,,
49,74,96,,,,,,,,,
102,106,121,,,,,,,,,
110,111,115,,,,,,,,,
116,117,118,,,,,,,,,
119,148,149,,,,,,,,,
128,131,134,,,,,,,,,
136,147,14,,,,,,,,,
15,4,5,,,,,,,,,
7,9,123,,,,,,,,,
10,8,92,,,,,,,,,
73,27,107,,,,,,,,,
108,6,118,,,,,,,,,
50,49,74,,,,,,,,,
89,102,106,,,,,,,,,
111,115,116,117,,,,,,,,
119,148,163,,,,,,,,,
171,11,12,,,,,,,,,
13,14,15,,,,,,,,,
4,5,7,,,,,,,,,
6,8,10,,,,,,,,,
17,27,40,,,,,,,,,
40,102,106,,,,,,,,,
111,115,116,,,,,,,,,
148,149,128,,,,,,,,,
131,134,136,,,,,,,,,
147,14,15,,,,,,,,,
4,5,,,,,,,,,,
10,8,92,,,,,,,,,
27,108,118,,,,,,,,,
50,49,89,,,,,,,,,
4,5,,,,,,,,,,
4,5,,,,,,,,,,
102,106,92,,,,,,,,,
115,116,117,,,,,,,,,
148,119,171,,,,,,,,,
11,12,13,,,,,,,,,
4,5,,,,,,,,,,
14,15,4,,,,,,,,,
7,9,26,,,,,,,,,
4,5,,,,,,,,,,
6,8,10,,,,,,,,,
27,107,73,,,,,,,,,
50,49,74,,,,,,,,,
102,106,129,,,,,,,,,
74,6,15,26,142,,,,,,,
131,13,50,27,182,123,141,,,,,
96,102,6,50,141,182,123,131,,,,
40,128,126,121,110,,,,,,,
6,107,121,,,,,,,,,
49,50,73,,,,,,,,,
148,102,106,,,,,,,,,
8,10,74,,,,,,,,,
107,27,96,,,,,,,,,
6,117,118,,,,,,,,,
119,115,116,,,,,,,,,
17,50,182,,,,,,,,,
118,111,113,,,,,,,,,
108,110,12,,,,,,,,,
11,13,14,,,,,,,,,
15,7,9,,,,,,,,,
26,123,141,,,,,,,,,
142,168,89,,,,,,,,,
92,96,102,,,,,,,,,
106,107,121,,,,,,,,,
6,117,118,,,,,,,,,
119,163,171,,,,,,,,,
11,12,13,,,,,,,,,
14,15,7,,,,,,,,,
26,123,141,,,,,,,,,
142,168,89,,,,,,,,,
92,96,102,,,,,,,,,
10,8,74,,,,,,,,,
6,107,27,,,,,,,,,
1,,,,,,,,,,,
2,,,,,,,,,,,
3,,,,,,,,,,,
6,,,,,,,,,,,
8,,,,,,,,,,,
10,,,,,,,,,,,
17,,,,,,,,,,,
27,,,,,,,,,,,
40,,,,,,,,,,,
49,,,,,,,,,,,
50,,,,,,,,,,,
73,,,,,,,,,,,
74,,,,,,,,,,,
89,,,,,,,,,,,
92,,,,,,,,,,,
96,,,,,,,,,,,
102,,,,,,,,,,,
106,,,,,,,,,,,
107,,,,,,,,,,,
108,,,,,,,,,,,
110,,,,,,,,,,,
111,,,,,,,,,,,
113,128,,,,,,,,,,
115,,,,,,,,,,,
116,,,,,,,,,,,
117,,,,,,,,,,,
118,,,,,,,,,,,
119,,,,,,,,,,,
121,,,,,,,,,,,
124,,,,,,,,,,,
125,,,,,,,,,,,
126,,,,,,,,,,,
128,,,,,,,,,,,
129,,,,,,,,,,,
131,,,,,,,,,,,
134,,,,,,,,,,,
157,115,,,,,,,,,,
136,,,,,,,,,,,
134,,,,,,,,,,,
139,,,,,,,,,,,
147,,,,,,,,,,,
148,,,,,,,,,,,
149,,,,,,,,,,,
157,,,,,,,,,,,
158,,,,,,,,,,,
171,131,128,,,,,,,,,
163,,,,,,,,,,,
171,,,,,,,,,,,
11,,,,,,,,,,,
12,,,,,,,,,,,
13,,,,,,,,,,,
40,49,50,,,,,,,,,
73,148,102,,,,,,,,,
106,8,10,,,,,,,,,
74,6,117,,,,,,,,,
118,119,163,,,,,,,,,
171,11,12,,,,,,,,,
14,15,7,,,,,,,,,
26,123,141,,,,,,,,,
142,168,89,,,,,,,,,
92,96,102,,,,,,,,,
17,27,40,,,,,,,,,
6,107,125,,,,,,,,,
49,50,116,,,,,,,,,
148,115,134,,,,,,,,,
8,136,,,,,,,,,,
107,27,129,,,,,,,,,
6,117,131,,,,,,,,,
119,147,157,,,,,,,,,
17,50,158,,,,,,,,,
118,111,124,,,,,,,,,
108,110,139,,,,,,,,,
11,13,14,,,,,,,,,
15,7,9,,,,,,,,,
26,123,141,,,,,,,,,
142,168,89,,,,,,,,,
92,96,102,,,,,,,,,
74,6,15,142,,,,,,,,
131,13,,,,,,,,,,
27,,,,,,,,,,,
182,123,141,,,,,,,,,
96,102,6,50,141,182,123,131,,,,
118,,,,,,,,,,,
119,,,,,,,,,,,
121,,,,,,,,,,,
124,,,,,,,,,,,
125,,,,,,,,,,,
126,,,,,,,,,,,
128,,,,,,,,,,,
129,,,,,,,,,,,
131,,,,,,,,,,,
136,,,,,,,,,,,
139,,,,,,,,,,,
147,,,,,,,,,,,
148,,,,,,,,,,,
149,,,,,,,,,,,
157,,,,,,,,,,,
158,,,,,,,,,,,
163,,,,,,,,,,,
171,,,,,,,,,,,
11,,,,,,,,,,,
12,,,,,,,,,,,
13,,,,,,,,,,,
14,,,,,,,,,,,
15,,,,,,,,,,,
4,,,,,,,,,,,
5,,,,,,,,,,,
7,,,,,,,,,,,
9,,,,,,,,,,,
26,,,,,,,,,,,
123,,,,,,,,,,,
141,142,168,182,,,,,,,,
141,142,168,182,,,,,,,,
141,142,168,182,,,,,,,,
141,142,168,182,,,,,,,,
142,168,182,141,,,,,,,,
142,168,182,141,,,,,,,,
142,168,182,141,,,,,,,,
142,168,182,141,,,,,,,,
142,168,182,141,,,,,,,,
142,168,182,141,,,,,,,,
142,168,182,141,,,,,,,,
142,168,182,141,,,,,,,,
142,168,182,141,,,,,,,,
142,168,182,141,,,,,,,,
182,141,142,168,,,,,,,,
142,168,182,,,,,,,,,
142,168,182,,,,,,,,,
142,168,182,,,,,,,,,
142,168,182,141,182,,,,,,,
142,168,182,141,182,,,,,,,
6,50,,,,,,,,,,
8,12,92,,,,,,,,,
10,27,40,,,,,,,,,
17,96,117,,,,,,,,,
102,106,107,,,,,,,,,
108,110,111,,,,,,,,,
113,115,116,,,,,,,,,
119,124,125,,,,,,,,,
126,128,129,,,,,,,,,
131,134,136,,,,,,,,,
139,147,148,,,,,,,,,
149,157,158,,,,,,,,,
163,171,11,,,,,,,,,
15,4,5,,,,,,,,,
7,9,26,123,,,,,,,,
141,142,168,182,,,,,,,,
141,142,168,182,,,,,,,,
141,142,168,182,,,,,,,,
141,142,168,182,,,,,,,,
141,142,168,182,,,,,,,,
6,89,102,,,,,,,,,
73,74,96,,,,,,,,,
92,50,118,,,,,,,,,
119,121,124,,,,,,,,,
125,126,128,,,,,,,,,
129,131,134,,,,,,,,,
136,139,147,,,,,,,,,
148,149,157,,,,,,,,,
158,163,171,,,,,,,,,
171,158,9,,,,,,,,,
171,158,9,,,,,,,,,
171,158,9,,,,,,,,,
171,158,9,,,,,,,,,
171,158,9,,,,,,,,,
11,12,13,,,,,,,,,
14,15,7,,,,,,,,,
9,26,123,,,,,,,,,
141,142,168,,,,,,,,,
182,6,8,,,,,,,,,
10,17,27,,,,,,,,,
40,49,73,,,,,,,,,
74,89,92,,,,,,,,,
96,102,106,,,,,,,,,
11,168,,,,,,,,,,
107,108,110,,,,,,,,,
111,113,115,,,,,,,,,
116,117,118,,,,,,,,,
119,121,124,,,,,,,,,
125,126,128,,,,,,,,,
129,131,134,,,,,,,,,
136,139,147,,,,,,,,,
148,149,157,,,,,,,,,
158,163,171,,,,,,,,,
11,12,13,,,,,,,,,
14,15,4,,,,,,,,,
5,7,9,,,,,,,,,
26,123,141,,,,,,,,,
142,168,182,,,,,,,,,
6,89,102,,,,,,,,,
73,74,96,,,,,,,,,
49,,,,,,,,,,,
8,6,4,,,,,,,,,
10,17,27,40,,,,,,,,
50,73,74,,,,,,,,,
89,92,96,102,106,,,,,,,
107,108,110,,,,,,,,,
111,113,115,116,,,,,,,,
117,118,119,121,,,,,,,,
124,125,126,,,,,,,,,
128,129,131,,,,,,,,,
134,136,139,,,,,,,,,
147,148,149,,,,,,,,,
157,158,163,,,,,,,,,
171,11,12,13,,,,,,,,
14,15,5,7,,,,,,,,
9,26,123,,,,,,,,,
141,142,,,,,,,,,,
141,142,,,,,,,,,,
141,142,,,,,,,,,,
141,142,,,,,,,,,,
168,182,6,27,,,,,,,,
8,17,40,49,50,,,,,,,
73,89,96,107,,,,,,,,
108,115,117,118,,,,,,,,
119,124,128,131,,,,,,,,
134,147,149,157,,,,,,,,
158,171,14,7,,,,,,,,
9,123,,,,,,,,,,
141,168,142,,,,,,,,,
92,102,106,111,,,,,,,,
113,116,121,125,126,,,,,,,
129,136,139,148,,,,,,,,
163,11,12,13,26,,,,,,,
4,15,182,,,,,,,,,
74,89,92,96,102,106,,,,,,
107,108,110,111,,,,,,,,
113,115,116,117,118,119,,,,,,
121,124,125,126,128,,,,,,,
129,131,134,136,139,,,,,,,
147,148,149,157,,,,,,,,
158,163,171,11,,,,,,,,
12,13,14,15,5,,,,,,,
7,9,26,123,,,,,,,,
141,142,,,,,,,,,,
168,182,6,27,8,,,,,,,
17,40,49,50,73,,,,,,,
89,96,107,108,,,,,,,,
115,117,118,119,124,128,,,,,,
131,134,,,,,,,,,,
147,149,,,,,,,,,,
157,158,171,14,,,,,,,,
7,9,123,141,168,92,,,,,,
141,168,142,,,,,,,,,
141,142,168,182,,,,,,,,
136,134,141,,,,,,,,,
136,134,141,,,,,,,,,
136,134,141,,,,,,,,,
136,134,141,,,,,,,,,
141,134,,,,,,,,,,
134,168,142,,,,,,,,,
134,168,142,,,,,,,,,
134,168,142,,,,,,,,,
134,168,142,,,,,,,,,
134,168,142,,,,,,,,,
141,142,,,,,,,,,,
168,141,142,,,,,,,,,
142,141,,,,,,,,,,
142,141,131,,,,,,,,,
131,141,,,,,,,,,,
131,141,,,,,,,,,,
131,141,,,,,,,,,,
131,141,,,,,,,,,,
131,141,,,,,,,,,,
131,168,,,,,,,,,,
131,168,,,,,,,,,,
131,168,,,,,,,,,,
131,168,,,,,,,,,,
131,168,,,,,,,,,,
131,142,,,,,,,,,,
131,142,,,,,,,,,,
131,136,,,,,,,,,,
131,136,,,,,,,,,,
131,136,,,,,,,,,,
131,136,,,,,,,,,,
131,136,,,,,,,,,,
131,136,,,,,,,,,,
142,168,182,,,,,,,,,
142,141,,,,,,,,,,
134,168,142,,,,,,,,,
134,168,142,,,,,,,,,
134,168,142,,,,,,,,,
134,168,142,,,,,,,,,
134,168,142,,,,,,,,,
136,134,141,,,,,,,,,
141,134,,,,,,,,,,
141,134,,,,,,,,,,
141,134,,,,,,,,,,
141,134,168,136,,,,,,,,
141,134,168,136,,,,,,,,
141,134,,,,,,,,,,
141,134,,,,,,,,,,
141,134,,,,,,,,,,
136,134,,,,,,,,,,
136,168,131,,,,,,,,,
136,134,131,,,,,,,,,
136,134,,,,,,,,,,
136,134,,,,,,,,,,
136,168,,,,,,,,,,
136,168,134,,,,,,,,,
136,168,,,,,,,,,,
136,168,,,,,,,,,,
136,142,,,,,,,,,,
136,142,,,,,,,,,,
136,142,,,,,,,,,,
136,141,,,,,,,,,,
142,168,182,,,,,,,,,
142,168,,,,,,,,,,
142,168,,,,,,,,,,
168,141,,,,,,,,,,
168,141,182,,,,,,,,,
168,141,131,,,,,,,,,
168,141,131,,,,,,,,,
168,141,,,,,,,,,,
168,142,141,,,,,,,,,
168,141,,,,,,,,,,
168,136,,,,,,,,,,
131,141,182,,,,,,,,,
131,168,,,,,,,,,,
131,142,,,,,,,,,,
131,136,,,,,,,,,,
131,136,,,,,,,,,,
168,131,,,,,,,,,,
168,131,,,,,,,,,,
168,131,,,,,,,,,,
168,131,,,,,,,,,,
141,131,,,,,,,,,,
141,182,,,,,,,,,,
141,182,,,,,,,,,,
141,182,,,,,,,,,,
141,182,,,,,,,,,,
141,182,168,,,,,,,,,
141,182,168,,,,,,,,,
142,168,182,,,,,,,,,
142,168,182,,,,,,,,,
142,168,182,,,,,,,,,
142,168,182,,,,,,,,,
136,168,182,,,,,,,,,
136,168,182,,,,,,,,,
136,168,182,,,,,,,,,
136,168,141,182,,,,,,,,
136,168,141,182,,,,,,,,
136,168,141,182,,,,,,,,
136,168,141,182,,,,,,,,
136,168,141,182,,,,,,,,
136,168,141,182,,,,,,,,
136,168,182,141,,,,,,,,
136,168,182,141,,,,,,,,
136,168,182,141,,,,,,,,
136,168,182,,,,,,,,,
136,168,182,,,,,,,,,
141,182,,,,,,,,,,
142,141,131,,,,,,,,,
142,131,,,,,,,,,,
142,141,131,,,,,,,,,
142,141,131,,,,,,,,,
142,182,,,,,,,,,,
142,182,,,,,,,,,,
182,142,,,,,,,,,,
182,136,,,,,,,,,,
182,136,,,,,,,,,,
182,168,,,,,,,,,,
182,141,,,,,,,,,,
136,168,134,,,,,,,,,
182,141,,,,,,,,,,
182,141,,,,,,,,,,
182,141,,,,,,,,,,
182,136,,,,,,,,,,
27,89,,,,,,,,,,
6,4,8,,,,,,,,,
125,131,182,,,,,,,,,
113,9,73,96,,,,,,,,
17,7,139,92,50,,,,,,,
13,118,147,124,,,,,,,,
163,115,129,111,,,,,,,,
12,102,119,10,,,,,,,,
123,106,171,11,,,,,,,,
108,5,,,,,,,,,,
89,,,,,,,,,,,
142,168,128,15,,,,,,,,
74,149,117,,,,,,,,,
49,141,157,,,,,,,,,
107,40,116,12,,,,,,,,
26,14,121,73,50,6,,,,,,
8,148,,,,,,,,,,
148,131,182,,,,,,,,,
113,9,73,96,,,,,,,,
17,7,139,92,50,,,,,,,
158,134,,,,,,,,,,
136,126,27,,,,,,,,,
110,92,102,118,,,,,,,,
89,15,125,131,,,,,,,,
10,163,13,7,,,,,,,,
9,4,115,,,,,,,,,
6,106,123,182,108,,,,,,,
157,117,74,149,,,,,,,,
107,11,17,96,12,,,,,,,
141,168,128,119,126,,,,,,,
171,50,124,89,,,,,,,,
134,168,,,,,,,,,,
134,168,,,,,,,,,,
134,168,136,,,,,,,,,
134,168,136,,,,,,,,,
134,136,168,50,,,,,,,,
134,168,136,,,,,,,,,
134,168,136,,,,,,,,,
49,147,139,92,,,,,,,,
8,148,,,,,,,,,,
40,121,,,,,,,,,,
136,26,14,102,116,,,,,,,
73,7,129,,,,,,,,,
136,26,134,,,,,,,,,
136,26,134,,,,,,,,,
136,26,134,,,,,,,,,
136,26,134,,,,,,,,,
136,26,134,,,,,,,,,
5,,,,,,,,,,,
13,111,118,115,163,,,,,,,
123,117,74,157,,,,,,,,
12,108,141,168,,,,,,,,
92,107,40,,,,,,,,,
11,,,,,,,,,,,
17,96,89,15,125,,,,,,,
131,10,7,50,,,,,,,,
9,4,106,,,,,,,,,
6,182,108,157,,,,,,,,
117,74,149,107,,,,,,,,
11,17,96,12,141,,,,,,,
168,128,119,,,,,,,,,
126,,,,,,,,,,,
171,124,89,,,,,,,,,
3,89,6,,,,,,,,,
125,50,8,92,129,,,,,,,
12,168,118,13,,,,,,,,
123,107,40,15,,,,,,,,
5,7,141,108,,,,,,,,
10,111,163,124,147,148,,,,,,
14,157,102,149,110,,,,,,,
106,49,96,,,,,,,,,
119,121,,,,,,,,,,
115,117,,,,,,,,,,
27,158,,,,,,,,,,
9,74,26,139,,,,,,,,
136,,,,,,,,,,,
136,168,,,,,,,,,,
136,168,,,,,,,,,,
73,131,116,,,,,,,,,
134,11,,,,,,,,,,
134,11,,,,,,,,,,
171,17,126,128,113,,,,,,,
142,182,1,7,,,,,,,,
8,92,12,123,9,141,,,,,,
125,50,10,111,148,102,,,,,,
40,15,107,108,147,,,,,,,
118,157,149,158,,,,,,,,
117,,,,,,,,,,,
115,27,106,,,,,,,,,
49,119,,,,,,,,,,
121,124,163,14,96,74,,,,,,
26,139,,,,,,,,,,
136,73,131,116,,,,,,,,
134,11,171,,,,,,,,,
17,126,128,,,,,,,,,
113,142,182,89,12,168,,,,,,
113,142,182,,,,,,,,,
123,13,15,7,141,9,,,,,,
108,110,163,147,148,102,,,,,,
10,111,14,157,149,118,,,,,,
158,117,115,,,,,,,,,
27,106,,,,,,,,,,
49,119,,,,,,,,,,
121,124,96,,,,,,,,,
121,124,96,,,,,,,,,
74,,,,,,,,,,,
26,139,,,,,,,,,,
136,73,131,116,,,,,,,,
134,11,,,,,,,,,,
171,17,126,128,,,,,,,,
1,123,,,,,,,,,,
96,6,40,108,9,,,,,,,
3,8,92,141,,,,,,,,
10,17,102,50,131,168,,,,,,
27,49,118,119,,,,,,,,
111,115,116,124,14,,,,,,,
73,74,136,139,11,,,,,,,
89,157,158,,,,,,,,,
7,26,142,182,147,,,,,,,
129,125,134,149,,,,,,,,
126,128,163,,,,,,,,,
113,117,148,13,12,,,,,,,
4,5,110,,,,,,,,,
6,107,27,,,,,,,,,
117,118,,,,,,,,,,
50,73,74,89,92,96,,,,,,
102,106,107,108,110,,,,,,,
111,113,115,116,,,,,,,,
119,121,124,125,,,,,,,,
126,128,129,131,,,,,,,,
134,136,139,147,148,,,,,,,
149,157,158,163,171,,,,,,,
11,12,13,14,15,,,,,,,
4,5,7,,,,,,,,,
9,26,123,141,142,,,,,,,
168,182,40,8,10,,,,,,,
17,27,49,,,,,,,,,
50,73,89,92,96,,,,,,,
102,106,107,,,,,,,,,
108,110,111,,,,,,,,,
113,115,116,117,118,,,,,,,
119,121,124,,,,,,,,,
125,126,128,,,,,,,,,
129,131,134,,,,,,,,,
136,139,147,,,,,,,,,
148,149,157,,,,,,,,,
158,163,171,,,,,,,,,
11,12,13,,,,,,,,,
14,15,4,,,,,,,,,
5,7,9,,,,,,,,,
26,123,,,,,,,,,,
141,142,168,,,,,,,,,
141,142,168,,,,,,,,,
141,142,168,,,,,,,,,
141,142,168,,,,,,,,,
141,142,168,182,,,,,,,,
141,142,168,182,,,,,,,,
141,142,168,182,,,,,,,,
141,142,168,182,,,,,,,,
141,142,168,182,,,,,,,,
141,142,168,182,,,,,,,,
182,40,8,,,,,,,,,
10,,,,,,,,,,,
17,27,49,,,,,,,,,
1,6,89,50,116,,,,,,,
27,96,73,129,115,124,,,,,,
111,110,118,125,158,,,,,,,
8,10,134,149,163,11,,,,,,
17,40,147,14,,,,,,,,
141,182,,,,,,,,,,
148,182,,,,,,,,,,
113,119,126,131,15,9,,,,,,
74,92,106,108,139,148,,,,,,
107,49,128,136,157,26,,,,,,
102,117,121,7,123,142,,,,,,
2,3,12,13,168,,,,,,,
171,6,8,17,27,40,49,,,,,
50,73,74,89,92,96,,,,,,
102,106,107,108,110,111,,,,,,
113,115,116,117,118,119,,,,,,
148,50,,,,,,,,,,
121,124,125,126,128,129,,,,,,
131,134,136,139,147,148,,,,,,
149,157,158,163,171,11,,,,,,
12,13,14,15,4,5,,,,,,
7,9,26,123,141,142,168,182,,,,
1,2,3,6,,,,,,,,
8,10,17,,,,,,,,,
27,40,49,,,,,,,,,
50,73,74,89,92,96,102,,,,,
106,107,108,110,111,113,,,,,,
115,116,117,118,119,121,124,,,,,
125,126,128,129,131,134,,,,,,
136,139,147,148,149,,,,,,,
157,158,163,171,11,,,,,,,
12,13,14,15,4,,,,,,,
5,7,9,,,,,,,,,
26,123,,,,,,,,,,
141,142,168,182,,,,,,,,
1,2,3,,,,,,,,,
6,27,,,,,,,,,,
40,49,50,74,96,,,,,,,
1,2,3,,,,,,,,,
6,74,,,,,,,,,,
96,106,107,,,,,,,,,
108,113,,,,,,,,,,
1,2,3,,,,,,,,,
6,27,40,,,,,,,,,
49,50,,,,,,,,,,
74,96,,,,,,,,,,
1,2,3,6,,,,,,,,
27,40,49,,,,,,,,,
50,74,,,,,,,,,,
96,102,,,,,,,,,,
1,2,3,,,,,,,,,
6,27,40,,,,,,,,,
49,50,,,,,,,,,,
74,96,,,,,,,,,,
1,2,3,,,,,,,,,
6,27,40,,,,,,,,,
49,50,74,96,,,,,,,,
1,2,3,,,,,,,,,
6,27,40,,,,,,,,,
49,,,,,,,,,,,
50,74,,,,,,,,,,
50,74,,,,,,,,,,
96,102,,,,,,,,,,
1,2,3,,,,,,,,,
6,27,40,49,50,74,96,102,,,,
1,2,3,49,,,,,,,,
50,74,96,102,,,,,,,,
1,2,3,,,,,,,,,
6,27,40,49,50,74,96,102,,,,
1,2,3,,,,,,,,,
6,27,40,49,50,74,96,102,,,,
147,148,,,,,,,,,,
149,157,,,,,,,,,,
158,163,,,,,,,,,,
171,11,,,,,,,,,,
12,13,,,,,,,,,,
14,15,,,,,,,,,,
4,5,,,,,,,,,,
7,9,,,,,,,,,,
26,123,,,,,,,,,,
141,142,,,,,,,,,,
168,182,,,,,,,,,,
6,27,,,,,,,,,,
8,17,,,,,,,,,,
40,49,,,,,,,,,,
50,73,,,,,,,,,,
89,92,,,,,,,,,,
149,107,,,,,,,,,,
11,110,,,,,,,,,,
111,113,,,,,,,,,,
111,168,,,,,,,,,,
111,141,,,,,,,,,,
111,141,,,,,,,,,,
111,141,168,,,,,,,,,
111,141,168,,,,,,,,,
111,141,168,,,,,,,,,
111,141,168,,,,,,,,,
111,141,168,,,,,,,,,
111,141,168,,,,,,,,,
115,116,118,,,,,,,,,
119,121,124,,,,,,,,,
125,126,128,,,,,,,,,
129,131,,,,,,,,,,
16,,,,,,,,,,,
18,,,,,,,,,,,
19,,,,,,,,,,,
20,,,,,,,,,,,
21,,,,,,,,,,,
22,,,,,,,,,,,
23,,,,,,,,,,,
24,45,,,,,,,,,,
25,,,,,,,,,,,
28,24,,,,,,,,,,
29,,,,,,,,,,,
30,,,,,,,,,,,
31,,,,,,,,,,,
32,,,,,,,,,,,
33,,,,,,,,,,,
34,,,,,,,,,,,
35,24,,,,,,,,,,
36,,,,,,,,,,,
37,,,,,,,,,,,
38,,,,,,,,,,,
39,,,,,,,,,,,
41,,,,,,,,,,,
42,,,,,,,,,,,
43,,,,,,,,,,,
44,162,,,,,,,,,,
45,,,,,,,,,,,
46,,,,,,,,,,,
47,,,,,,,,,,,
48,,,,,,,,,,,
51,,,,,,,,,,,
52,,,,,,,,,,,
53,,,,,,,,,,,
54,,,,,,,,,,,
55,,,,,,,,,,,
56,,,,,,,,,,,
57,,,,,,,,,,,
58,,,,,,,,,,,
59,,,,,,,,,,,
60,,,,,,,,,,,
61,,,,,,,,,,,
62,,,,,,,,,,,
63,,,,,,,,,,,
64,,,,,,,,,,,
65,,,,,,,,,,,
66,,,,,,,,,,,
67,80,,,,,,,,,,
68,,,,,,,,,,,
69,,,,,,,,,,,
70,,,,,,,,,,,
71,,,,,,,,,,,
72,,,,,,,,,,,
75,,,,,,,,,,,
76,65,,,,,,,,,,
77,65,,,,,,,,,,
78,,,,,,,,,,,
79,,,,,,,,,,,
80,300,,,,,,,,,,
81,,,,,,,,,,,
82,,,,,,,,,,,
83,,,,,,,,,,,
84,,,,,,,,,,,
85,,,,,,,,,,,
86,,,,,,,,,,,
87,,,,,,,,,,,
88,,,,,,,,,,,
90,,,,,,,,,,,
91,,,,,,,,,,,
93,,,,,,,,,,,
94,,,,,,,,,,,
95,,,,,,,,,,,
97,,,,,,,,,,,
98,,,,,,,,,,,
99,,,,,,,,,,,
100,104,,,,,,,,,,
101,,,,,,,,,,,
103,,,,,,,,,,,
104,,,,,,,,,,,
105,,,,,,,,,,,
109,,,,,,,,,,,
112,,,,,,,,,,,
114,,,,,,,,,,,
120,,,,,,,,,,,
122,,,,,,,,,,,
127,,,,,,,,,,,
130,,,,,,,,,,,
132,,,,,,,,,,,
133,,,,,,,,,,,
135,,,,,,,,,,,
137,,,,,,,,,,,
138,300,,,,,,,,,,
140,,,,,,,,,,,
143,,,,,,,,,,,
144,,,,,,,,,,,
145,,,,,,,,,,,
146,,,,,,,,,,,
150,,,,,,,,,,,
151,,,,,,,,,,,
152,,,,,,,,,,,
153,,,,,,,,,,,
154,,,,,,,,,,,
155,,,,,,,,,,,
156,,,,,,,,,,,
159,,,,,,,,,,,
160,,,,,,,,,,,
161,,,,,,,,,,,
162,,,,,,,,,,,
164,,,,,,,,,,,
165,,,,,,,,,,,
165,160,,,,,,,,,,
166,,,,,,,,,,,
167,213,,,,,,,,,,
169,,,,,,,,,,,
170,,,,,,,,,,,
172,,,,,,,,,,,
173,,,,,,,,,,,
174,,,,,,,,,,,
175,,,,,,,,,,,
176,174,,,,,,,,,,
177,,,,,,,,,,,
178,,,,,,,,,,,
179,,,,,,,,,,,
180,,,,,,,,,,,
181,,,,,,,,,,,
183,,,,,,,,,,,
184,,,,,,,,,,,
185,,,,,,,,,,,
186,,,,,,,,,,,
187,,,,,,,,,,,
188,,,,,,,,,,,
189,,,,,,,,,,,
190,,,,,,,,,,,
191,,,,,,,,,,,
192,,,,,,,,,,,
192,174,,,,,,,,,,
193,,,,,,,,,,,
194,,,,,,,,,,,
195,,,,,,,,,,,
196,,,,,,,,,,,
197,,,,,,,,,,,
198,165,,,,,,,,,,
199,,,,,,,,,,,
200,,,,,,,,,,,
201,,,,,,,,,,,
202,,,,,,,,,,,
203,,,,,,,,,,,
204,,,,,,,,,,,
205,,,,,,,,,,,
206,,,,,,,,,,,
207,300,,,,,,,,,,
208,,,,,,,,,,,
209,,,,,,,,,,,
203,202,205,,,,,,,,,
210,320,,,,,,,,,,
211,,,,,,,,,,,
212,,,,,,,,,,,
213,,,,,,,,,,,
214,,,,,,,,,,,
215,,,,,,,,,,,
216,,,,,,,,,,,
217,,,,,,,,,,,
218,,,,,,,,,,,
219,183,,,,,,,,,,
220,183,222,,,,,,,,,
221,,,,,,,,,,,
222,,,,,,,,,,,
223,,,,,,,,,,,
224,,,,,,,,,,,
225,,,,,,,,,,,
226,,,,,,,,,,,
227,,,,,,,,,,,
228,,,,,,,,,,,
229,,,,,,,,,,,
230,,,,,,,,,,,
231,,,,,,,,,,,
232,,,,,,,,,,,
233,260,,,,,,,,,,
234,,,,,,,,,,,
235,,,,,,,,,,,
236,,,,,,,,,,,
237,,,,,,,,,,,
238,,,,,,,,,,,
239,300,,,,,,,,,,
240,,,,,,,,,,,
241,,,,,,,,,,,
242,,,,,,,,,,,
243,,,,,,,,,,,
244,,,,,,,,,,,
245,,,,,,,,,,,
246,,,,,,,,,,,
247,,,,,,,,,,,
248,,,,,,,,,,,
249,,,,,,,,,,,
250,198,,,,,,,,,,
251,,,,,,,,,,,
252,,,,,,,,,,,
253,,,,,,,,,,,
207,,,,,,,,,,,
254,320,,,,,,,,,,
255,,,,,,,,,,,
256,,,,,,,,,,,
257,,,,,,,,,,,
258,,,,,,,,,,,
259,,,,,,,,,,,
260,,,,,,,,,,,
261,,,,,,,,,,,
262,,,,,,,,,,,
263,,,,,,,,,,,
264,,,,,,,,,,,
265,,,,,,,,,,,
266,,,,,,,,,,,
267,,,,,,,,,,,
268,,,,,,,,,,,
269,,,,,,,,,,,
270,,,,,,,,,,,
271,,,,,,,,,,,
272,,,,,,,,,,,
273,,,,,,,,,,,
274,,,,,,,,,,,
275,,,,,,,,,,,
276,,,,,,,,,,,
277,,,,,,,,,,,
278,,,,,,,,,,,
279,,,,,,,,,,,
280,,,,,,,,,,,
281,,,,,,,,,,,
282,,,,,,,,,,,
283,,,,,,,,,,,
284,,,,,,,,,,,
285,,,,,,,,,,,
286,,,,,,,,,,,
287,,,,,,,,,,,
288,,,,,,,,,,,
289,,,,,,,,,,,
290,,,,,,,,,,,
291,292,,,,,,,,,,
291,292,284,,,,,,,,,
292,,,,,,,,,,,
293,,,,,,,,,,,
294,285,,,,,,,,,,
295,,,,,,,,,,,
296,,,,,,,,,,,
297,198,,,,,,,,,,
298,,,,,,,,,,,
299,,,,,,,,,,,
300,,,,,,,,,,,
301,,,,,,,,,,,
302,,,,,,,,,,,
303,,,,,,,,,,,
304,,,,,,,,,,,
305,,,,,,,,,,,
306,,,,,,,,,,,
307,,,,,,,,,,,
308,,,,,,,,,,,
309,,,,,,,,,,,
310,198,,,,,,,,,,
311,,,,,,,,,,,
312,,,,,,,,,,,
313,,,,,,,,,,,
314,,,,,,,,,,,
315,,,,,,,,,,,
316,,,,,,,,,,,
317,,,,,,,,,,,
318,,,,,,,,,,,
319,198,,,,,,,,,,
320,285,,,,,,,,,,
320,285,,,,,,,,,,
320,285,,,,,,,,,,
320,285,,,,,,,,,,
320,285,,,,,,,,,,
320,285,,,,,,,,,,
1,3,2,4,5,,,,,,,
6,50,107,27,117,118,,,,,,
8,74,92,96,89,123,,,,,,
10,17,49,11,,,,,,,,
73,102,106,158,119,,,,,,,
113,15,4,148,,,,,,,,
116,131,125,128,,,,,,,,
12,13,14,7,,,,,,,,
136,123,6,117,118,,,,,,,
110,111,147,115,,,,,,,,
124,126,149,157,,,,,,,,
108,50,40,,,,,,,,,
1,6,8,10,27,17,,,,,,
26,142,168,182,,,,,,,,
3,96,107,27,123,,,,,,,
102,119,116,157,,,,,,,,
2,117,118,125,,,,,,,,
73,113,131,136,,,,,,,,
49,158,119,115,,,,,,,,
4,148,13,15,,,,,,,,
149,50,8,10,17,,,,,,,
123,124,126,110,,,,,,,,
107,27,6,40,,,,,,,,
1,96,89,92,74,50,,,,,,
136,131,125,128,,,,,,,,
116,119,115,147,,,,,,,,
26,168,182,142,,,,,,,,
26,168,182,142,,,,,,,,
26,168,182,142,,,,,,,,
26,168,182,142,,,,,,,,
3,2,4,5,1,,,,,,,
6,27,117,118,,,,,,,,
10,17,49,11,,,,,,,,
73,102,106,158,119,,,,,,,
113,15,4,148,,,,,,,,
116,131,125,128,,,,,,,,
12,13,14,7,,,,,,,,
286,152,86,33,5,,,,,,,
64,208,127,18,60,,,,,,,
286,19,150,20,,,,,,,,
45,286,6,90,29,,,,,,,
68,24,45,,,,,,,,,
286,77,224,22,56,,,,,,,
90,68,133,83,130,6,64,,,,,
77,130,99,160,127,18,,,,,,
152,68,286,6,77,,,,,,,
68,77,18,286,6,22,,,,,,
286,19,90,45,68,18,,,,,,
6,68,286,22,,,,,,,,
6,68,286,33,18,77,,,,,,
68,77,286,90,6,,,,,,,
77,6,286,33,18,68,90,,,,,
18,68,286,6,,,,,,,,
18,68,286,6,,,,,,,,
18,68,286,6,77,22,,,,,,
18,68,286,6,,,,,,,,
68,286,6,77,,,,,,,,
18,68,286,6,77,,,,,,,
18,68,286,6,77,,,,,,,
18,68,286,6,77,,,,,,,
6,107,27,49,50,115,,,,,,
27,107,96,116,117,,,,,,,
17,27,50,,,,,,,,,
40,107,74,117,118,,,,,,,
27,49,50,,,,,,,,,
107,50,115,117,,,,,,,,
8,27,107,116,,,,,,,,
117,118,,,,,,,,,,
6,50,115,117,,,,,,,,
6,27,107,50,117,118,,,,,,
1,27,49,50,116,117,118,,,,,
6,107,27,96,115,117,,,,,,
1,8,50,115,117,118,,,,,,
10,27,50,,,,,,,,,
116,117,,,,,,,,,,
6,50,116,117,118,,,,,,,
6,107,27,115,117,,,,,,,
8,27,107,,,,,,,,,
50,117,118,,,,,,,,,
3,6,107,27,116,117,,,,,,
2,6,27,107,50,117,118,,,,,
10,27,107,116,117,,,,,,,
1,6,,,,,,,,,,
107,27,50,,,,,,,,,
115,117,,,,,,,,,,
3,8,6,107,50,117,118,,,,,
2,6,27,107,116,117,118,,,,,
6,107,27,115,117,,,,,,,
8,27,107,50,117,,,,,,,
10,27,50,116,117,118,,,,,,
6,27,107,50,117,,,,,,,
10,27,107,50,117,,,,,,,
6,107,27,115,117,,,,,,,
8,6,107,27,117,,,,,,,
6,27,107,50,117,,,,,,,
6,107,27,50,115,117,,,,,,
1,8,,,,,,,,,,
27,107,50,117,118,,,,,,,
10,27,50,116,117,,,,,,,
6,27,107,50,117,,,,,,,
10,27,107,50,117,,,,,,,
1,6,107,27,115,117,,,,,,
3,8,,,,,,,,,,
6,107,27,117,,,,,,,,
2,6,27,107,50,117,,,,,,
6,107,27,50,115,117,,,,,,
8,27,107,50,117,118,,,,,,
10,27,50,116,117,,,,,,,
6,27,107,50,117,,,,,,,
10,27,107,50,117,,,,,,,
6,107,27,115,117,,,,,,,
8,6,107,27,117,,,,,,,
2,6,27,107,50,117,,,,,,
1,6,107,27,50,115,117,,,,,
1,8,27,107,50,117,118,,,,,
3,10,27,50,116,117,,,,,,
2,6,27,107,50,117,,,,,,
10,27,107,50,117,,,,,,,
1,6,107,27,115,117,,,,,,
3,8,6,107,27,117,,,,,,
2,6,27,107,50,117,,,,,,
6,107,27,50,115,117,,,,,,
1,8,27,107,50,117,118,,,,,
3,10,27,50,116,117,,,,,,
2,6,27,107,50,117,,,,,,
10,27,107,50,117,,,,,,,
1,6,107,27,115,117,,,,,,
3,8,6,107,27,117,,,,,,
2,6,27,107,50,117,,,,,,
8,27,107,50,117,118,,,,,,
3,10,27,50,116,117,,,,,,
2,6,27,107,50,117,,,,,,
10,27,107,50,117,,,,,,,
1,6,107,27,115,117,,,,,,
3,8,6,107,27,117,,,,,,
6,27,107,50,117,,,,,,,
1,6,107,27,50,115,117,,,,,
1,8,27,107,50,117,118,,,,,
3,10,,,,,,,,,,
27,50,116,117,,,,,,,,
2,6,27,107,50,117,,,,,,
10,27,107,50,117,,,,,,,
49,6,27,40,10,,,,,,,
50,6,8,96,74,123,,,,,,
148,4,124,125,,,,,,,,
50,123,102,5,15,13,,,,,,
6,50,96,8,123,,,,,,,
117,6,107,96,4,,,,,,,
50,6,10,148,7,123,,,,,,
50,6,96,123,10,7,27,40,,,,
50,6,8,96,123,,,,,,,
148,6,123,27,10,,,,,,,
6,50,96,8,123,,,,,,,
4,5,148,50,,,,,,,,
6,123,96,8,148,27,40,10,,,,
50,6,8,96,74,123,,,,,,
148,4,124,125,,,,,,,,
50,123,102,5,15,13,,,,,,
6,50,96,8,123,,,,,,,
117,6,107,96,4,,,,,,,
50,6,10,148,7,123,,,,,,
50,6,96,123,10,7,27,40,,,,
50,6,8,96,123,,,,,,,
148,6,123,27,10,,,,,,,
6,50,96,8,123,,,,,,,
4,5,148,50,,,,,,,,
6,123,96,8,148,27,40,10,,,,
50,6,8,96,74,123,,,,,,
148,4,124,125,,,,,,,,
50,123,102,5,15,13,,,,,,
6,50,96,8,123,,,,,,,
117,6,107,96,4,,,,,,,
50,6,10,148,7,123,,,,,,
50,6,96,123,10,7,27,40,,,,
50,6,8,96,123,,,,,,,
148,6,123,27,10,,,,,,,
6,50,96,8,123,,,,,,,
4,5,148,50,,,,,,,,
6,123,96,8,148,27,40,10,,,,
50,6,8,96,74,123,,,,,,
148,4,124,125,,,,,,,,
50,123,102,5,15,13,,,,,,
6,50,96,8,123,,,,,,,
117,6,107,96,4,,,,,,,
50,6,10,148,,,,,,,,
7,123,,,,,,,,,,
50,6,96,123,10,7,27,40,,,,
50,6,8,96,123,,,,,,,
148,6,123,27,10,,,,,,,
6,50,96,8,123,,,,,,,
4,5,148,50,,,,,,,,
6,123,96,8,148,27,40,10,,,,
50,6,8,96,74,123,,,,,,
148,4,124,125,,,,,,,,
50,123,102,5,15,13,,,,,,
6,50,96,8,123,,,,,,,
117,6,107,96,4,,,,,,,
50,6,10,148,7,123,,,,,,
50,6,96,123,10,7,27,40,,,,
50,6,8,96,123,,,,,,,
148,6,123,27,10,,,,,,,
6,50,96,8,123,,,,,,,
4,5,148,50,,,,,,,,
6,123,96,8,148,27,40,10,,,,
50,6,8,96,74,123,,,,,,
148,4,124,125,,,,,,,,
50,123,102,5,15,13,,,,,,
6,50,96,8,123,,,,,,,
117,6,107,,,,,,,,,
96,4,,,,,,,,,,
50,6,10,148,7,123,,,,,,
50,6,96,123,10,7,27,40,,,,
50,6,8,96,123,,,,,,,
148,6,123,27,10,,,,,,,
6,50,96,8,123,,,,,,,
4,5,148,,,,,,,,,
4,5,148,,,,,,,,,
6,123,96,8,148,27,40,10,,,,
148,1,3,,,,,,,,,
148,1,3,,,,,,,,,
148,1,3,,,,,,,,,
148,1,3,,,,,,,,,
148,1,3,,,,,,,,,
148,1,3,,,,,,,,,
4,5,50,96,6,,,,,,,
10,13,74,12,123,17,,,,,,
40,49,27,118,117,6,7,,,,,
148,102,50,13,168,,,,,,,
27,115,74,118,116,8,,,,,,
6,123,73,50,96,123,,,,,,
131,148,,,,,,,,,,
131,148,,,,,,,,,,
131,148,,,,,,,,,,
6,124,26,168,141,123,8,,,,,
168,141,,,,,,,,,,
168,141,,,,,,,,,,
168,141,,,,,,,,,,
168,141,6,,,,,,,,,
168,141,6,,,,,,,,,
168,141,6,,,,,,,,,
168,141,6,,,,,,,,,
131,148,6,115,117,,,,,,,
102,96,5,148,8,,,,,,,
123,118,10,6,74,115,,,,,,
110,108,96,13,,,,,,,,
4,6,50,107,118,,,,,,,
73,123,168,96,50,,,,,,,
117,12,148,6,118,50,,,,,,
6,74,12,13,96,,,,,,,
115,123,6,50,168,74,10,,,,,
118,6,123,50,10,8,,,,,,
6,123,115,118,5,7,,,,,,
96,74,6,50,13,,,,,,,
50,168,148,6,8,13,107,,,,,
50,96,6,123,115,,,,,,,
168,148,,,,,,,,,,
10,118,6,96,123,,,,,,,
6,123,115,13,96,168,50,,,,,
27,123,6,115,168,,,,,,,
6,50,118,13,168,96,10,,,,,
123,6,96,4,13,115,,,,,,
6,50,115,96,10,,,,,,,
123,6,115,118,96,13,,,,,,
6,123,115,96,168,,,,,,,
118,6,96,50,115,13,168,,,,,
50,6,96,115,118,168,,,,,,
50,6,115,96,168,,,,,,,
50,6,115,96,168,,,,,,,
50,6,115,96,168,,,,,,,
50,6,115,96,168,,,,,,,
148,8,168,,,,,,,,,
148,8,168,,,,,,,,,
50,96,168,123,8,,,,,,,
134,136,182,141,12,,,,,,,
134,136,182,141,12,,,,,,,
134,136,182,141,12,,,,,,,
134,136,182,141,12,,,,,,,
134,136,182,141,12,,,,,,,
134,136,182,141,12,,,,,,,
13,14,12,,,,,,,,,
13,14,12,,,,,,,,,
13,14,12,,,,,,,,,
13,14,12,,,,,,,,,
13,14,12,,,,,,,,,
13,14,12,,,,,,,,,
13,14,12,,,,,,,,,
13,14,12,,,,,,,,,
13,14,12,,,,,,,,,
14,12,13,,,,,,,,,
14,12,13,,,,,,,,,
14,12,13,,,,,,,,,
14,12,13,,,,,,,,,
14,12,13,,,,,,,,,
14,12,13,,,,,,,,,
14,12,13,,,,,,,,,
14,12,13,,,,,,,,,
12,13,14,,,,,,,,,
12,13,14,,,,,,,,,
12,13,14,,,,,,,,,
12,13,14,,,,,,,,,
12,13,14,,,,,,,,,
12,13,14,,,,,,,,,
12,13,14,,,,,,,,,
27,40,106,107,,,,,,,,
27,40,106,107,,,,,,,,
27,40,106,107,,,,,,,,
27,40,106,107,,,,,,,,
27,40,106,107,,,,,,,,
27,40,106,107,,,,,,,,
27,40,106,107,,,,,,,,
50,49,115,123,,,,,,,,
50,49,115,123,,,,,,,,
50,49,115,123,,,,,,,,
50,49,115,123,,,,,,,,
50,49,115,123,,,,,,,,
50,49,115,123,,,,,,,,
27,49,115,123,,,,,,,,
27,49,115,123,,,,,,,,
27,49,115,123,,,,,,,,
27,49,115,123,,,,,,,,
27,49,115,123,,,,,,,,
27,49,115,123,,,,,,,,
106,107,40,27,,,,,,,,
106,107,40,27,,,,,,,,
106,107,40,27,,,,,,,,
106,107,40,27,,,,,,,,
106,107,40,27,,,,,,,,
106,107,40,27,,,,,,,,
106,107,40,27,,,,,,,,
106,107,40,27,,,,,,,,
124,148,17,,,,,,,,,
124,148,12,,,,,,,,,
124,148,12,,,,,,,,,
124,148,12,,,,,,,,,
124,148,12,134,,,,,,,,
124,148,12,136,,,,,,,,
49,116,,,,,,,,,,
49,116,,,,,,,,,,
49,116,,,,,,,,,,
49,116,,,,,,,,,,
49,116,15,,,,,,,,,
50,27,107,,,,,,,,,
136,134,141,,,,,,,,,
73,27,158,7,,,,,,,,
6,8,10,50,,,,,,,,
49,27,73,158,7,,,,,,,
10,6,,,,,,,,,,
10,6,,,,,,,,,,
10,6,73,,,,,,,,,
10,6,,,,,,,,,,
10,6,,,,,,,,,,
10,6,,,,,,,,,,
6,7,8,27,,,,,,,,
6,7,17,73,,,,,,,,
73,27,158,7,,,,,,,,
1,2,3,6,,,,,,,,
40,49,50,73,,,,,,,,
74,89,92,96,,,,,,,,
10,17,,,,,,,,,,
1,2,,,,,,,,,,
1,6,50,73,,,,,,,,
1,27,40,,,,,,,,,
3,8,6,50,,,,,,,,
10,17,,,,,,,,,,
10,27,40,,,,,,,,,
6,8,,,,,,,,,,
6,3,96,,,,,,,,,
27,40,50,1,,,,,,,,
73,50,74,,,,,,,,,
73,1,96,,,,,,,,,
74,92,50,96,,,,,,,,
74,102,,,,,,,,,,
74,2,92,,,,,,,,,
89,96,,,,,,,,,,
89,6,,,,,,,,,,
92,107,,,,,,,,,,
92,108,96,,,,,,,,,
96,49,,,,,,,,,,
96,8,,,,,,,,,,
96,10,,,,,,,,,,
102,96,,,,,,,,,,
106,6,8,,,,,,,,,
107,17,,,,,,,,,,
107,27,40,,,,,,,,,
108,1,,,,,,,,,,
108,6,50,73,,,,,,,,
110,1,27,,,,,,,,,
110,40,50,,,,,,,,,
111,50,,,,,,,,,,
111,107,27,40,,,,,,,,
113,50,73,,,,,,,,,
113,96,,,,,,,,,,
115,96,92,,,,,,,,,
115,96,107,,,,,,,,,
117,3,,,,,,,,,,
117,6,107,,,,,,,,,
118,27,,,,,,,,,,
118,40,50,,,,,,,,,
119,107,96,,,,,,,,,
119,92,,,,,,,,,,
121,96,,,,,,,,,,
124,6,,,,,,,,,,
125,27,,,,,,,,,,
126,107,40,,,,,,,,,
126,96,50,,,,,,,,,
128,96,73,,,,,,,,,
128,1,6,,,,,,,,,
129,50,,,,,,,,,,
131,107,,,,,,,,,,
131,27,40,,,,,,,,,
134,1,,,,,,,,,,
134,6,50,73,,,,,,,,
136,27,,,,,,,,,,
136,40,50,,,,,,,,,
139,96,,,,,,,,,,
139,92,50,,,,,,,,,
147,107,,,,,,,,,,
147,27,40,,,,,,,,,
149,50,73,,,,,,,,,
149,96,,,,,,,,,,
157,96,,,,,,,,,,
158,96,,,,,,,,,,
163,6,,,,,,,,,,
171,107,,,,,,,,,,
171,27,40,,,,,,,,,
11,50,,,,,,,,,,
11,107,27,40,,,,,,,,
12,6,,,,,,,,,,
12,1,50,73,,,,,,,,
13,96,,,,,,,,,,
13,107,,,,,,,,,,
14,27,40,,,,,,,,,
14,96,50,,,,,,,,,
15,6,,,,,,,,,,
15,107,27,40,,,,,,,,
4,96,,,,,,,,,,
4,6,50,,,,,,,,,
5,107,,,,,,,,,,
5,27,40,,,,,,,,,
7,96,,,,,,,,,,
7,50,,,,,,,,,,
9,27,40,,,,,,,,,
9,107,,,,,,,,,,
26,6,,,,,,,,,,
26,96,,,,,,,,,,
123,96,,,,,,,,,,
123,107,,,,,,,,,,
141,50,73,,,,,,,,,
141,96,,,,,,,,,,
142,27,,,,,,,,,,
142,40,,,,,,,,,,
168,96,50,,,,,,,,,
168,107,,,,,,,,,,
182,6,50,,,,,,,,,
182,96,,,,,,,,,,
1,2,,,,,,,,,,
3,1,6,,,,,,,,,
10,27,40,49,,,,,,,,
50,73,74,27,17,,,,,,,
96,102,106,107,,,,,,,,
108,110,111,49,,,,,,,,
113,115,,,,,,,,,,
117,118,,,,,,,,,,
119,121,124,125,126,,,,,,,
128,131,134,136,,,,,,,,
139,147,148,,,,,,,,,
149,157,158,163,,,,,,,,
171,11,12,,,,,,,,,
13,14,15,,,,,,,,,
4,5,7,,,,,,,,,
9,26,123,141,142,,,,,,,
168,182,50,,,,,,,,,
10,50,2,3,6,,,,,,,
6,96,102,,,,,,,,,
106,107,108,110,,,,,,,,
111,49,113,,,,,,,,,
115,117,,,,,,,,,,
118,119,121,124,125,,,,,,,
126,128,131,134,136,,,,,,,
139,147,148,,,,,,,,,
149,157,158,,,,,,,,,
163,171,11,,,,,,,,,
12,13,14,,,,,,,,,
15,4,5,,,,,,,,,
7,9,26,123,141,,,,,,,
142,168,182,,,,,,,,,
142,168,182,,,,,,,,,
142,168,182,,,,,,,,,
1,3,2,,,,,,,,,
6,27,,,,,,,,,,
10,17,,,,,,,,,,
50,96,74,92,,,,,,,,
73,107,,,,,,,,,,
119,1,17,7,6,,,,,,,
117,118,,,,,,,,,,
50,110,,,,,,,,,,
111,113,,,,,,,,,,
115,102,6,49,,,,,,,,
50,107,,,,,,,,,,
1,3,2,4,5,1,3,2,4,5,,
131,126,,,,,,,,,,
10,17,,,,,,,,,,
108,1,3,2,4,5,,,,,,
13,14,,,,,,,,,,
124,50,,,,,,,,,,
15,13,1,3,2,4,5,1,3,2,4,5
1,3,2,,,,,,,,,
50,107,96,74,92,,,,,,,
148,17,50,,,,,,,,,
126,128,,,,,,,,,,
10,17,108,6,,,,,,,,
131,119,96,,,,,,,,,
117,118,,,,,,,,,,
1,2,3,5,4,,,,,,,
3,27,6,8,,,,,,,,
107,6,27,1,4,2,,,,,,
6,3,2,4,5,,,,,,,
118,117,6,,,,,,,,,
1,3,5,,,,,,,,,
6,118,,,,,,,,,,
6,1,2,3,5,,,,,,,
3,1,2,6,,,,,,,,
2,3,5,1,,,,,,,,
27,107,1,5,,,,,,,,
107,2,1,4,6,,,,,,,
3,6,1,2,5,4,,,,,,
2,1,5,3,4,,,,,,,
1,3,2,4,5,,,,,,,
5,1,3,,,,,,,,,
1,2,5,,,,,,,,,
3,1,5,,,,,,,,,
5,1,3,4,,,,,,,,
1,3,4,5,,,,,,,,
3,1,2,5,,,,,,,,
1,2,5,4,,,,,,,,
2,1,3,5,,,,,,,,
3,1,2,4,5,,,,,,,
1,2,3,5,,,,,,,,
3,1,5,4,,,,,,,,
1,5,4,,,,,,,,,
1,3,5,4,,,,,,,,
2,3,1,5,,,,,,,,
1,3,4,5,2,,,,,,,
1,2,3,5,,,,,,,,
1,3,2,5,4,,,,,,,
3,1,5,4,,,,,,,,
1,5,4,2,,,,,,,,
1,2,3,5,,,,,,,,
1,3,2,5,4,,,,,,,
1,3,2,5,4,,,,,,,
1,2,3,5,,,,,,,,
1,3,2,5,,,,,,,,
1,3,5,4,,,,,,,,
1,3,2,5,4,,,,,,,
1,2,3,5,,,,,,,,
1,3,5,4,,,,,,,,
1,2,3,5,4,,,,,,,
1,2,3,5,,,,,,,,
1,3,5,4,,,,,,,,
1,3,2,5,4,,,,,,,
1,2,3,5,,,,,,,,
1,3,5,4,,,,,,,,
1,2,3,5,4,,,,,,,
1,2,3,5,,,,,,,,
1,3,5,4,,,,,,,,
1,2,3,5,4,,,,,,,
